user_id,date,sleep_hours,hydration_liters,stress,activity_steps,caffeine,headache,heart_rate,resting_hr,systolic_bp,diastolic_bp,weight_kg,temperature_c,calories,sleep_quality,recovery,fatigue,dehydration_risk,poor_sleep,stress_overload,recovery_deterioration,bp_elevation
U001,2026-04-23,7.44,2.1,3.8,6902,2.7,0,94.5,76.2,138.3,79.7,55.0,36.47,1869,81.7,87.2,0,0,0,0,0,0
U001,2026-04-24,7.14,2.2,3.4,8440,1.3,0,97.8,77.7,130.2,77.5,55.3,36.53,1910,71.5,80.9,0,0,0,0,0,0
U001,2026-04-25,7.65,1.85,4.9,6183,2.6,0,94.3,76.8,137.7,73.6,55.0,36.63,1972,73.2,76.2,0,1,0,0,0,0
U001,2026-04-26,8.73,2.0,5.8,7377,3.5,0,94.0,75.1,143.7,77.7,55.1,36.7,1999,74.2,77.5,0,0,0,0,0,1
U001,2026-04-27,7.83,2.12,5.5,6362,2.8,1,94.5,76.9,139.4,76.8,55.2,36.42,1830,77.9,73.1,0,0,0,0,0,0
U001,2026-04-28,7.29,1.79,5.5,5445,4.0,1,94.9,78.4,139.9,80.5,54.6,36.69,1881,68.1,73.4,0,1,0,0,0,1
U001,2026-04-29,8.57,2.62,7.2,6055,1.9,0,92.7,75.4,133.9,76.2,54.8,36.64,1905,73.6,78.0,0,0,0,1,0,0
U001,2026-04-30,8.62,2.56,5.7,4914,0.8,0,94.3,78.4,141.4,79.9,54.7,36.73,1788,90.8,75.7,0,0,0,0,0,1
U001,2026-05-01,7.56,1.86,6.3,5093,0.0,0,89.2,73.1,131.8,76.1,54.5,36.65,1707,87.4,86.4,1,1,0,0,0,0
U001,2026-05-02,7.81,2.18,5.6,4179,2.8,0,89.8,74.8,137.0,76.7,55.0,36.59,2053,84.6,82.6,0,0,0,0,0,0
U001,2026-05-03,7.08,1.72,5.1,8652,2.9,0,96.5,76.1,144.3,78.5,55.4,36.42,2129,67.3,66.4,0,1,0,0,0,1
U001,2026-05-04,6.64,2.15,6.6,7881,2.2,0,97.7,78.2,139.8,78.1,55.2,36.92,1979,64.0,65.0,0,0,1,0,0,1
U001,2026-05-05,7.0,2.55,7.3,6349,2.3,0,94.8,77.2,143.3,83.5,55.2,36.36,1680,71.6,65.5,1,0,0,1,0,1
U001,2026-05-06,5.31,2.0,7.8,7008,1.0,1,101.8,83.4,149.2,81.3,55.0,36.6,1891,51.0,40.7,1,0,1,1,1,1
U001,2026-05-07,4.47,2.39,8.8,6829,4.0,1,100.8,82.6,153.7,83.8,54.8,36.53,2045,39.9,6.7,1,0,1,1,1,1
U001,2026-05-08,4.99,2.4,7.7,6570,2.7,1,95.7,77.8,143.2,78.1,54.9,36.56,1932,44.6,34.9,1,0,1,1,1,1
U001,2026-05-09,4.9,2.57,7.9,7742,2.3,0,100.4,81.1,137.3,77.5,54.7,36.48,1996,47.4,40.2,1,0,1,1,1,0
U001,2026-05-10,6.02,3.1,6.6,8552,2.8,1,101.0,80.7,137.9,75.5,55.1,36.25,1765,47.0,51.2,1,0,1,0,1,0
U001,2026-05-11,5.61,2.56,6.6,6949,2.7,1,101.5,83.1,134.9,73.1,55.6,36.4,1876,66.6,59.2,1,0,0,1,1,0
U001,2026-05-12,4.92,2.04,5.9,6076,2.4,0,98.2,80.9,142.1,78.0,54.9,36.69,2025,49.2,25.9,1,0,1,0,1,1
U001,2026-05-13,7.04,1.67,5.8,6109,1.4,1,94.0,76.7,140.0,78.5,55.6,36.68,1760,75.5,64.2,1,1,0,1,0,1
U001,2026-05-14,6.83,1.47,6.4,2966,2.3,0,88.4,74.8,146.4,81.5,55.0,36.65,1741,73.1,51.3,1,1,0,0,1,1
U001,2026-05-15,6.96,1.65,4.8,2621,3.9,0,88.4,75.2,140.0,77.5,55.2,36.53,1454,72.6,76.7,0,1,0,0,0,1
U001,2026-05-16,5.72,1.93,7.9,6941,3.8,1,98.6,80.2,153.6,78.9,55.5,36.72,2172,57.2,38.1,1,0,1,1,1,1
U001,2026-05-17,5.75,2.07,5.6,9534,4.1,1,101.8,80.4,144.2,85.1,55.4,36.36,2146,59.0,53.2,1,0,1,0,1,1
U001,2026-05-18,6.35,2.37,3.7,7879,2.1,0,95.0,75.6,142.0,81.3,55.0,36.9,2050,81.7,71.0,0,0,0,0,0,1
U001,2026-05-19,5.6,2.23,5.7,8338,1.1,1,96.9,76.9,132.6,75.6,54.4,36.66,1986,53.2,44.0,1,0,1,0,1,0
U001,2026-05-20,6.49,2.72,6.6,8154,1.6,0,98.3,78.5,147.8,75.1,55.4,36.49,2089,63.9,63.5,0,0,1,1,0,1
U001,2026-05-21,6.16,2.33,7.0,12000,1.9,1,104.9,80.5,141.9,79.7,55.4,36.39,2121,64.1,49.0,1,0,1,1,1,1
U001,2026-05-22,6.24,3.28,7.3,11433,3.0,0,105.1,81.4,139.2,75.5,55.4,36.71,2464,61.8,58.0,1,0,1,1,1,0
U001,2026-05-23,6.02,3.02,6.6,9017,0.7,1,98.7,77.9,128.4,78.7,54.6,36.44,2072,61.4,52.6,1,0,1,0,1,0
U001,2026-05-24,8.04,2.27,4.8,6519,3.1,0,93.9,76.1,140.7,74.3,55.1,36.75,1928,65.3,84.9,0,0,0,0,0,1
U001,2026-05-25,7.61,1.73,5.0,4255,2.2,0,91.4,76.3,134.7,75.8,55.1,36.77,1493,81.8,83.3,0,1,0,0,0,0
U001,2026-05-26,6.44,2.03,4.0,5944,1.6,0,90.6,73.4,128.4,66.9,55.5,36.59,2071,68.1,70.0,0,0,0,0,0,0
U001,2026-05-27,7.39,1.93,5.7,5293,0.9,0,92.3,76.0,133.1,73.9,54.7,36.68,1682,71.7,72.6,0,1,0,1,0,0
U001,2026-05-28,6.16,2.24,5.3,3929,0.1,1,92.9,78.2,134.9,70.9,55.2,36.56,1826,75.0,55.7,1,0,0,0,1,0
U001,2026-05-29,6.68,2.34,4.0,4456,2.2,0,91.8,76.4,143.3,78.5,55.1,36.67,2093,64.7,77.7,0,0,1,0,0,1
U001,2026-05-30,5.08,2.17,3.9,4042,2.1,1,96.9,82.0,136.8,77.6,54.9,36.28,1471,62.8,39.2,1,0,1,0,1,0
U001,2026-05-31,4.68,1.76,4.8,8151,0.8,1,96.6,76.8,133.5,75.0,55.0,36.64,2060,64.4,34.7,1,1,1,0,1,0
U001,2026-06-01,5.78,1.25,4.0,8949,0.4,1,97.0,76.3,139.4,74.6,55.3,36.59,1977,67.3,59.6,1,1,0,0,1,0
U001,2026-06-02,6.92,1.37,3.2,7962,1.2,0,92.8,73.3,136.2,74.3,55.0,36.79,1684,83.8,76.4,1,1,0,0,0,0
U001,2026-06-03,7.1,1.97,4.1,9788,3.4,0,96.2,74.5,128.7,69.5,54.9,37.08,2106,83.8,81.8,0,0,0,0,0,0
U001,2026-06-04,6.96,2.07,4.7,8514,2.2,0,94.9,74.6,140.1,73.7,55.3,36.46,2118,73.5,74.3,0,0,0,0,0,1
U001,2026-06-05,6.71,1.54,4.1,6414,0.6,0,96.7,79.0,129.6,71.7,55.1,36.65,2123,84.9,65.0,1,1,0,0,0,0
U001,2026-06-06,5.53,1.79,3.7,9081,1.3,1,97.3,76.4,130.2,73.2,54.4,36.44,1756,66.0,40.6,1,1,0,0,1,0
U001,2026-06-07,5.48,2.03,4.4,8880,1.5,0,96.6,76.0,137.5,76.8,55.3,36.68,2083,59.5,46.9,1,0,1,0,1,0
U001,2026-06-08,5.68,1.66,2.5,6323,0.0,1,94.3,76.7,141.4,78.6,55.1,36.67,1892,68.1,49.9,1,1,0,0,1,1
U001,2026-06-09,7.14,1.86,1.2,6365,1.1,0,89.3,71.7,135.4,78.8,55.1,36.65,1751,85.5,83.0,0,1,0,0,0,0
U001,2026-06-10,7.39,1.94,1.3,5317,1.5,0,89.7,73.3,124.4,76.4,55.0,36.39,1946,95.7,90.0,0,0,0,0,0,0
U001,2026-06-11,5.68,1.51,2.1,4003,2.5,0,94.7,79.9,128.5,71.4,54.6,36.34,1717,67.2,61.5,0,1,0,0,0,0
U001,2026-06-12,6.49,1.85,3.4,6945,3.9,0,92.9,74.5,142.4,80.0,54.9,36.71,2027,58.6,69.9,1,1,1,0,0,1
U001,2026-06-13,6.36,2.13,6.0,9949,3.7,1,100.3,78.3,133.6,77.5,54.7,36.74,2084,56.9,60.6,0,0,1,0,0,0
U001,2026-06-14,6.02,2.51,6.9,6294,2.2,1,94.8,77.3,148.3,80.1,55.0,36.87,1727,60.7,52.4,1,0,1,0,1,1
U001,2026-06-15,6.95,2.73,6.1,7524,1.0,0,90.9,71.9,146.1,88.3,54.8,36.72,2017,72.3,60.8,0,0,0,0,0,1
U001,2026-06-16,7.88,1.89,5.8,6248,4.2,0,90.2,72.7,145.9,86.7,55.2,36.52,2158,76.0,76.6,0,1,0,0,0,1
U001,2026-06-17,8.35,1.56,4.1,5864,2.7,0,91.3,74.3,146.0,77.3,55.0,36.26,1861,84.9,82.0,0,1,0,0,0,1
U001,2026-06-18,7.07,1.94,4.3,5508,2.2,0,90.1,73.5,135.5,76.3,55.3,36.65,1741,67.0,67.7,0,0,0,0,0,0
U001,2026-06-19,6.77,2.17,4.1,4907,2.0,0,88.9,73.0,140.8,79.6,55.3,36.85,1743,89.1,75.4,1,0,0,0,0,1
U001,2026-06-20,7.15,2.31,4.9,6029,2.2,0,92.0,74.8,135.7,79.0,55.4,36.15,1747,85.9,75.6,0,0,0,0,0,0
U001,2026-06-21,7.95,3.5,3.7,5219,1.9,0,89.1,72.8,124.2,69.4,55.1,36.81,1688,78.3,87.1,0,0,0,0,0,0
U001,2026-06-22,7.15,3.26,4.8,6531,1.4,0,91.6,73.7,139.5,77.5,55.0,36.36,1659,82.6,78.2,0,0,0,0,0,1
U001,2026-06-23,6.93,3.21,7.1,6687,1.3,0,96.8,78.7,138.3,74.6,55.5,36.66,2016,71.4,72.5,0,0,0,0,0,0
U001,2026-06-24,5.98,3.11,6.3,6471,1.8,1,93.7,75.9,134.0,77.4,55.3,36.76,1648,62.4,55.0,1,0,1,0,1,0
U001,2026-06-25,5.34,2.93,6.5,5320,1.4,1,91.1,74.7,144.3,83.5,55.3,36.53,1705,49.3,30.8,1,0,1,1,1,1
U001,2026-06-26,6.72,2.43,7.0,5261,1.1,0,93.9,77.6,138.1,74.5,55.3,36.69,2024,82.5,72.3,1,0,0,1,0,0
U001,2026-06-27,8.02,2.56,5.8,7308,1.8,0,95.8,77.0,142.5,81.2,55.6,36.95,2133,81.8,72.5,0,0,0,0,0,1
U001,2026-06-28,7.55,2.03,5.9,7934,1.7,0,95.8,76.3,145.6,80.5,55.1,36.58,2227,81.0,73.9,0,0,0,0,0,1
U001,2026-06-29,8.21,1.92,5.7,5943,3.3,0,94.6,77.4,141.0,79.4,54.7,36.7,1926,77.3,77.9,0,0,0,0,0,1
U001,2026-06-30,8.05,1.76,5.6,6626,0.0,0,90.0,72.0,135.2,79.5,55.2,36.68,2091,90.2,82.7,0,1,0,0,0,0
U001,2026-07-01,7.06,1.89,4.3,7984,2.4,1,97.1,77.6,136.8,73.4,55.0,36.47,2006,74.8,76.2,0,0,0,0,0,0
U001,2026-07-02,7.35,2.86,4.6,4889,3.3,0,90.2,74.3,140.5,79.3,54.5,36.61,1825,70.7,80.1,1,0,0,0,0,1
U001,2026-07-03,8.57,1.77,5.4,6791,0.4,0,93.4,75.2,142.2,71.1,54.8,36.53,2120,85.8,86.2,0,1,0,0,0,1
U001,2026-07-04,7.91,2.14,7.4,5863,1.2,0,97.5,80.4,138.7,83.5,56.1,36.77,1758,78.0,84.4,0,0,0,1,0,0
U001,2026-07-05,8.92,1.44,8.0,7321,1.4,0,97.9,79.1,139.7,76.7,55.2,36.21,2029,81.7,66.9,0,1,0,1,0,1
U001,2026-07-06,5.85,1.47,10.0,5970,0.5,0,96.0,78.8,136.0,76.6,54.9,36.59,1910,56.4,27.3,1,1,1,1,1,0
U001,2026-07-07,7.03,2.12,7.5,3671,0.8,1,89.9,75.5,143.5,79.8,55.1,36.65,1907,61.9,56.8,1,0,1,1,1,1
U001,2026-07-08,7.1,2.1,8.0,2798,0.6,0,88.8,75.5,134.5,72.9,54.9,36.49,1665,75.1,72.3,0,0,0,0,0,0
U001,2026-07-09,6.79,1.63,7.4,4974,3.2,0,93.8,77.8,141.8,82.1,55.1,36.57,2062,61.9,53.4,1,1,1,1,1,1
U001,2026-07-10,6.96,1.49,9.8,6392,3.3,0,95.5,77.8,157.4,84.2,55.3,36.48,2036,55.2,52.0,0,1,1,1,1,1
U001,2026-07-11,5.23,1.97,7.2,5286,3.6,0,98.5,82.1,150.8,84.0,54.9,36.57,2120,56.6,24.1,1,0,1,1,1,1
U001,2026-07-12,5.74,1.69,5.3,7138,3.2,0,96.1,77.5,142.3,78.5,55.2,36.72,1749,59.1,46.1,1,1,1,1,1,1
U001,2026-07-13,6.56,1.9,4.4,4479,1.3,0,91.3,75.9,140.7,81.2,55.0,36.67,1362,74.5,70.3,1,1,0,0,0,1
U001,2026-07-14,8.04,1.96,1.5,5636,1.3,0,90.5,73.7,113.4,63.0,55.0,37.05,1853,92.1,95.2,0,0,0,0,0,0
U001,2026-07-15,7.17,1.71,1.8,4430,2.3,1,89.7,74.4,141.7,79.3,54.9,36.78,1805,77.2,82.8,0,0,0,0,0,1
U001,2026-07-16,6.39,2.69,1.7,4699,0.9,0,89.7,74.0,130.8,75.5,54.7,36.69,1881,81.3,69.5,0,0,0,0,0,0
U001,2026-07-17,6.19,2.67,2.9,5923,2.4,0,89.7,72.6,136.5,79.2,55.0,36.77,2088,72.2,70.2,0,0,0,0,0,0
U001,2026-07-18,7.32,1.59,4.0,5120,1.9,0,94.5,78.4,142.9,79.1,55.1,36.45,1768,83.3,81.6,0,1,0,0,0,1
U001,2026-07-19,7.48,1.83,7.0,5460,1.6,0,94.3,77.8,140.3,79.5,55.5,36.5,1597,81.6,71.6,0,1,0,0,0,1
U001,2026-07-20,6.82,1.63,7.8,7799,2.6,1,95.2,75.9,137.9,77.7,55.2,36.72,1635,65.1,55.3,1,1,0,1,1,0
U001,2026-07-21,7.35,2.12,6.1,6500,2.6,0,93.2,75.4,129.6,74.4,55.3,36.49,1892,75.9,82.1,1,0,0,0,0,0
U001,2026-07-22,7.29,1.76,4.5,8052,1.8,0,96.8,77.1,134.1,78.5,54.9,36.43,1882,84.2,72.6,0,1,0,0,0,0
U001,2026-07-23,8.03,1.81,5.3,5765,3.1,0,93.4,76.5,135.3,77.8,55.5,36.63,1921,70.7,78.1,0,1,0,0,0,0
U001,2026-07-24,7.0,2.09,3.4,7208,1.3,0,93.7,75.1,136.7,76.6,54.8,36.69,2141,88.8,76.7,1,0,0,0,0,0
U001,2026-07-25,6.71,2.4,6.5,9351,2.4,0,98.3,77.1,139.8,74.9,56.0,36.48,2236,67.1,56.9,0,0,0,1,1,1
U001,2026-07-26,6.48,1.76,7.7,4322,2.7,1,94.1,78.9,142.3,80.5,55.3,36.54,1705,63.4,53.0,1,0,1,0,1,1
U001,2026-07-27,5.4,1.72,6.2,4419,1.9,1,94.2,78.9,143.6,80.2,55.5,36.83,1891,51.8,43.5,1,1,1,1,1,1
U001,2026-07-28,6.3,1.64,3.4,6609,2.3,1,95.0,77.0,138.6,74.5,55.6,36.55,1725,74.6,55.0,1,1,0,0,1,0
U001,2026-07-29,6.81,1.52,5.8,6488,0.9,0,94.0,76.2,138.0,77.8,55.1,36.45,1857,80.8,60.3,1,1,0,0,0,0
U001,2026-07-30,6.89,2.42,5.4,7322,2.5,0,94.7,75.9,137.9,82.8,54.9,36.88,1905,71.9,70.4,0,0,0,0,0,0
U001,2026-07-31,6.73,2.41,7.1,6219,2.0,0,97.7,80.2,141.4,78.9,54.9,36.6,1983,67.8,63.3,1,0,0,0,0,1
U001,2026-08-01,5.59,1.74,4.2,6744,1.5,1,96.4,78.3,134.1,79.1,55.3,36.62,1904,68.8,48.3,1,1,0,0,1,0
U001,2026-08-02,5.78,2.21,3.6,6629,2.9,1,97.6,79.6,124.9,68.3,54.8,37.09,2169,56.0,55.5,1,0,1,0,1,0
U001,2026-08-03,5.97,2.98,4.0,8635,1.6,0,96.2,75.9,134.0,72.6,54.9,36.63,2044,55.5,58.9,1,0,1,0,1,0
U001,2026-08-04,5.68,3.0,4.4,8214,0.5,1,98.0,78.2,128.2,76.4,55.2,36.72,1948,60.4,56.1,1,0,1,0,1,0
U001,2026-08-05,6.06,1.99,3.9,8133,0.1,1,99.3,79.6,138.5,76.9,55.6,36.39,1768,75.7,69.0,1,0,0,0,0,0
U001,2026-08-06,6.79,1.8,5.1,6924,2.0,0,93.6,75.3,140.2,78.1,55.2,36.78,1838,69.1,63.4,0,1,0,1,0,1
U001,2026-08-07,8.54,2.39,3.6,6202,0.8,0,91.4,73.9,130.5,66.7,55.1,36.86,1941,77.9,79.4,0,0,0,0,0,0
U001,2026-08-08,8.08,1.95,3.8,5926,3.3,0,93.1,76.0,133.6,77.4,54.8,36.36,1880,85.2,82.4,0,1,0,0,0,0
U001,2026-08-09,7.87,2.15,4.3,7078,0.4,0,93.9,75.4,130.5,74.8,55.6,36.49,2075,89.0,88.8,0,0,0,0,0,0
U001,2026-08-10,7.46,2.4,5.3,6382,3.1,1,93.2,75.6,138.0,72.1,55.2,36.45,1793,76.7,74.5,0,0,0,0,0,0
U001,2026-08-11,5.59,1.87,6.2,7143,2.5,1,98.8,80.2,140.3,83.6,55.1,36.58,1796,53.7,47.3,1,1,1,0,1,1
U001,2026-08-12,6.13,1.9,4.2,10306,2.1,1,100.3,77.9,140.1,80.1,55.1,36.48,2307,76.6,66.0,1,1,0,0,0,1
U001,2026-08-13,6.53,0.8,2.3,10011,1.5,1,97.5,75.5,132.0,78.9,54.7,36.6,2351,63.7,51.0,1,1,1,0,1,0
U001,2026-08-14,8.89,0.8,4.9,7997,2.2,0,96.4,76.8,138.9,76.6,54.9,36.37,1815,78.4,59.6,0,1,0,0,1,0
U001,2026-08-15,7.96,1.16,5.4,9371,2.0,0,96.8,75.6,128.1,75.6,54.3,36.53,1845,84.7,71.0,0,1,0,1,0,0
U001,2026-08-16,7.84,1.0,4.2,7549,3.1,0,95.3,76.3,135.0,77.6,55.5,36.45,1856,83.8,83.7,0,1,0,0,0,0
U001,2026-08-17,7.48,2.05,6.7,4097,2.4,0,91.2,76.3,133.3,76.4,54.5,36.39,1916,82.4,78.1,0,0,0,1,0,0
U001,2026-08-18,6.26,1.46,6.3,3977,2.3,0,93.1,78.3,142.4,84.8,55.2,36.69,1700,67.0,53.2,1,1,0,0,1,1
U001,2026-08-19,7.56,1.5,7.6,2572,1.7,0,87.9,74.8,152.9,84.2,54.7,36.67,2003,72.0,73.2,0,1,0,1,0,1
U001,2026-08-20,8.0,1.75,6.9,4238,1.9,1,92.5,77.4,138.7,76.3,55.4,36.52,1847,74.9,72.1,0,1,0,0,0,0
U001,2026-08-21,8.29,2.43,9.3,5647,2.3,0,92.5,75.7,151.5,86.4,55.1,36.67,1938,77.6,62.6,1,0,0,1,0,1
U001,2026-08-22,6.98,1.68,10.0,8937,0.4,0,100.3,79.5,144.5,84.4,55.1,36.85,1839,75.8,39.0,0,1,0,1,1,1
U001,2026-08-23,8.22,2.27,8.5,8478,0.2,0,98.3,78.1,135.9,74.7,55.3,36.56,2068,86.5,70.0,0,0,0,1,0,0
U001,2026-08-24,6.5,2.17,8.8,7397,2.2,0,95.1,76.2,149.8,81.1,55.3,36.6,2010,60.8,50.9,1,0,1,1,1,1
U001,2026-08-25,7.22,1.71,8.6,8491,2.2,1,97.3,77.1,154.8,79.2,55.4,36.61,1950,77.9,69.3,0,1,0,1,0,1
U001,2026-08-26,9.0,2.01,9.5,4299,1.9,0,92.9,77.7,146.5,85.0,55.3,36.55,1654,73.3,63.0,1,0,0,1,0,1
U001,2026-08-27,7.36,2.09,6.8,6016,2.0,0,92.0,74.8,132.5,76.1,54.9,36.67,1662,75.4,72.3,0,0,0,1,0,0
U001,2026-08-28,6.72,1.81,7.2,7710,2.3,1,99.8,80.6,141.0,79.5,55.3,36.58,1888,81.4,66.5,0,1,0,1,0,1
U001,2026-08-29,6.92,1.91,8.1,5050,1.6,0,97.0,81.0,141.4,85.7,54.9,36.69,1976,69.8,69.5,1,1,0,1,0,1
U001,2026-08-30,6.51,1.79,4.6,7808,1.1,0,95.8,76.4,129.6,70.2,54.4,36.56,1927,64.1,54.4,1,1,1,0,1,0
U001,2026-08-31,5.34,1.92,3.1,7931,1.9,0,100.7,81.2,127.6,72.4,55.3,36.44,2089,71.5,50.5,1,1,0,0,1,0
U001,2026-09-01,6.06,2.22,1.0,6818,1.0,1,90.0,71.9,132.1,75.8,54.8,36.66,1734,71.5,70.6,1,0,0,0,0,0
U001,2026-09-02,5.5,2.77,1.6,7895,2.1,1,96.7,77.2,127.1,71.7,54.5,36.59,2255,61.9,65.3,1,0,1,0,0,0
U001,2026-09-03,6.52,1.96,3.7,10987,0.4,1,99.2,76.0,133.9,77.6,55.5,36.54,1804,81.4,58.0,0,1,0,0,1,0
U001,2026-09-04,5.9,2.83,6.2,9277,2.5,1,96.8,75.7,126.7,72.6,54.5,36.72,2101,58.9,49.0,1,0,1,0,1,0
U001,2026-09-05,7.71,1.72,6.0,8525,2.6,0,96.7,76.5,145.2,76.8,55.6,36.55,2110,89.9,71.1,1,1,0,0,0,1
U001,2026-09-06,6.73,1.77,8.0,7046,2.4,1,97.2,78.7,142.5,83.3,54.6,36.46,1830,64.3,47.2,0,1,1,1,1,1
U001,2026-09-07,6.56,2.1,5.1,5698,3.1,0,92.7,75.8,132.9,73.7,55.1,36.44,1684,63.9,69.5,1,0,1,0,0,0
U001,2026-09-08,7.45,2.17,2.7,7643,3.9,1,91.1,71.9,134.2,72.6,55.2,36.6,1726,82.2,93.8,0,0,0,0,0,0
U001,2026-09-09,6.19,1.85,3.3,5987,3.5,1,90.6,73.4,137.8,80.5,54.9,36.58,1626,53.7,64.0,1,1,1,0,0,0
U001,2026-09-10,6.71,1.83,4.3,6605,0.7,0,89.1,71.2,139.6,75.2,55.2,36.69,1945,73.6,61.3,0,1,0,0,0,1
U001,2026-09-11,7.98,1.7,4.5,6058,0.4,0,92.6,75.3,142.7,76.1,55.5,36.7,1902,84.9,86.2,1,1,0,0,0,1
U001,2026-09-12,6.17,1.58,1.7,7275,0.9,0,93.2,74.5,129.4,75.1,56.0,36.24,1976,73.7,64.1,0,1,0,0,0,0
U001,2026-09-13,6.67,2.09,2.6,7657,1.7,0,92.5,73.3,136.8,77.2,55.6,36.68,2106,81.8,81.4,1,0,0,0,0,0
U001,2026-09-14,7.03,2.2,1.4,8946,2.4,0,91.8,71.1,129.0,74.6,55.1,36.56,1782,82.1,88.4,0,0,0,0,0,0
U001,2026-09-15,7.7,1.84,3.5,7178,1.4,0,93.8,75.2,122.7,73.7,54.9,36.5,2114,76.2,85.4,0,1,0,0,0,0
U001,2026-09-16,6.33,2.26,4.4,6668,2.0,1,95.5,77.5,135.1,75.7,55.8,36.38,1885,59.9,66.7,0,0,1,0,0,0
U001,2026-09-17,5.44,2.28,3.3,5308,1.3,0,96.9,80.6,140.3,76.3,54.6,36.63,1906,64.5,52.2,1,0,1,0,1,1
U001,2026-09-18,6.52,2.49,3.1,5461,1.2,0,91.4,74.9,125.8,75.9,54.9,36.85,1750,77.8,68.7,1,0,0,0,0,0
U001,2026-09-19,6.97,2.55,2.1,6818,0.4,0,93.5,75.3,128.5,74.7,54.9,36.35,1968,83.3,88.0,0,0,0,0,0,0
U002,2026-04-23,8.83,1.44,7.0,6674,2.8,0,88.6,70.6,157.3,79.7,64.3,36.98,1832,76.6,54.8,0,1,0,1,1,1
U002,2026-04-24,7.49,1.01,7.2,5511,2.2,0,88.8,72.2,150.1,81.6,64.3,36.48,1769,72.6,43.7,0,1,0,1,1,1
U002,2026-04-25,8.82,1.81,6.5,5350,1.9,0,88.9,72.4,136.3,80.0,64.0,36.49,1852,69.8,63.1,1,0,0,1,0,0
U002,2026-04-26,8.27,2.86,4.2,7092,5.0,0,88.3,69.8,142.3,79.1,64.2,36.44,1936,75.3,73.6,0,0,0,0,0,1
U002,2026-04-27,7.19,3.07,2.9,9649,3.2,0,90.1,68.5,144.7,81.6,64.1,36.78,1918,71.5,84.6,0,0,0,0,0,1
U002,2026-04-28,6.69,2.87,3.1,8940,1.6,0,89.6,68.9,132.0,73.6,64.3,36.36,1886,83.3,74.5,1,1,0,0,0,0
U002,2026-04-29,6.53,2.76,2.8,6105,1.5,0,86.3,68.9,129.2,71.1,64.1,36.61,1680,74.9,63.8,1,0,0,1,0,0
U002,2026-04-30,7.09,2.8,3.2,7245,2.9,0,91.8,73.1,143.1,80.4,64.3,36.11,1779,70.2,79.1,0,0,0,0,0,1
U002,2026-05-01,7.51,2.78,3.8,8988,2.4,0,91.6,70.9,144.1,83.2,64.3,36.54,1727,73.0,84.2,0,0,0,0,0,1
U002,2026-05-02,6.8,2.58,4.9,7043,0.7,0,89.0,70.5,136.2,76.4,64.1,36.62,1629,72.7,62.9,0,0,0,1,0,0
U002,2026-05-03,6.86,2.39,4.9,6812,2.5,0,90.2,72.0,140.5,78.6,64.3,36.51,2006,78.9,56.4,0,0,0,1,1,1
U002,2026-05-04,8.8,2.21,5.6,6929,1.5,0,90.8,72.5,142.9,78.6,64.4,36.77,2146,68.2,78.3,1,0,0,1,0,1
U002,2026-05-05,9.0,1.82,5.5,5741,3.6,0,85.7,68.8,142.3,81.4,64.3,36.55,2080,77.1,65.5,0,0,0,1,0,1
U002,2026-05-06,8.94,1.78,2.5,7381,3.5,0,85.7,66.8,134.0,76.0,63.9,36.52,2031,88.3,76.9,0,0,0,0,0,0
U002,2026-05-07,8.2,1.19,1.9,7002,2.0,0,85.4,67.0,134.5,75.3,64.4,36.32,2013,91.2,83.6,0,1,0,0,0,0
U002,2026-05-08,7.83,1.48,2.6,7655,3.2,0,85.7,66.5,143.7,82.8,64.3,36.77,1860,85.1,81.7,0,1,0,0,0,1
U002,2026-05-09,8.04,1.29,1.6,5944,2.4,0,83.9,66.8,127.4,70.3,64.5,36.88,1799,76.0,87.2,0,1,0,0,0,0
U002,2026-05-10,6.72,1.13,3.5,5790,2.9,0,87.5,70.6,128.1,74.6,64.0,36.37,1537,67.2,60.4,0,1,0,0,0,0
U002,2026-05-11,6.61,1.55,6.1,7521,2.7,0,90.7,71.7,140.5,73.8,64.4,36.57,2031,70.3,47.5,0,0,0,1,1,1
U002,2026-05-12,5.3,2.29,7.5,6679,1.4,0,90.7,72.6,144.6,80.5,63.4,36.84,1443,50.2,28.6,1,0,1,1,1,1
U002,2026-05-13,6.33,2.54,6.5,9531,1.2,0,93.1,71.6,147.1,80.0,64.2,36.36,1941,57.9,43.9,1,0,1,1,1,1
U002,2026-05-14,7.17,1.7,8.2,7642,2.7,1,89.9,70.8,152.2,85.1,64.7,36.59,1770,59.3,49.6,0,1,1,1,1,1
U002,2026-05-15,6.67,1.42,7.4,7671,1.9,1,90.8,71.6,140.9,74.8,64.0,36.42,1815,67.8,37.4,0,1,0,1,1,1
U002,2026-05-16,8.19,2.03,6.2,8789,1.6,0,95.6,75.0,142.2,79.9,63.9,36.54,1908,68.7,66.7,0,0,0,1,0,1
U002,2026-05-17,6.64,1.62,5.0,5683,1.0,0,88.6,71.8,135.3,75.7,64.1,36.76,1820,72.1,52.3,1,0,0,1,1,0
U002,2026-05-18,5.49,1.68,4.5,3597,2.1,1,86.4,72.1,139.6,83.2,64.4,36.63,1678,51.6,42.2,0,0,1,1,1,1
U002,2026-05-19,6.29,2.03,4.1,2920,4.0,0,84.9,71.4,139.8,75.9,64.4,36.71,1766,63.8,58.9,1,0,1,0,1,1
U002,2026-05-20,7.5,1.63,4.6,6928,1.6,0,90.2,71.9,139.0,79.1,64.0,36.69,1950,84.4,72.8,0,1,0,0,0,1
U002,2026-05-21,8.78,1.82,5.0,6103,1.9,0,84.8,67.4,145.4,80.1,64.4,36.6,2113,74.5,79.3,0,0,0,1,0,1
U002,2026-05-22,7.66,1.36,5.0,10539,3.3,0,93.2,70.6,141.8,77.0,64.2,36.33,1853,81.9,71.2,0,1,0,1,0,1
U002,2026-05-23,8.35,1.37,5.6,7890,2.3,0,91.2,71.8,128.7,74.6,64.3,36.75,1886,76.3,72.7,0,1,0,1,0,0
U002,2026-05-24,7.77,1.75,7.1,7732,2.5,0,92.9,73.6,140.2,79.3,63.9,36.73,2023,81.3,66.4,1,0,0,1,0,1
U002,2026-05-25,7.31,1.21,7.8,9770,1.1,1,94.3,72.5,139.0,80.2,64.1,36.24,1949,67.8,56.9,1,1,0,1,1,1
U002,2026-05-26,7.97,1.7,4.9,11512,2.2,0,91.8,68.0,132.8,80.7,64.2,36.71,2089,82.4,74.5,0,1,0,1,0,0
U002,2026-05-27,8.15,1.82,1.3,12000,1.9,0,91.6,67.2,124.9,66.6,63.6,36.42,2201,87.0,90.5,0,0,0,0,0,0
U002,2026-05-28,6.3,2.11,3.7,11618,2.9,0,95.8,71.9,132.8,76.0,64.4,36.64,2217,74.7,64.6,0,0,0,0,0,0
U002,2026-05-29,7.88,2.16,2.2,10905,3.4,0,91.8,68.7,140.2,78.7,64.3,36.26,1984,88.5,93.9,0,0,0,0,0,1
U002,2026-05-30,8.74,2.64,2.7,9876,4.9,0,92.2,70.3,138.0,76.0,64.4,36.78,2074,88.2,82.4,0,0,0,0,0,0
U002,2026-05-31,7.5,2.43,1.7,9651,3.4,0,90.7,69.1,133.7,76.1,64.0,36.61,2030,85.4,93.3,0,0,0,0,0,0
U002,2026-06-01,7.65,2.09,1.0,7466,2.7,0,87.0,68.0,143.5,78.1,64.3,36.44,1883,90.1,99.7,0,1,0,0,0,1
U002,2026-06-02,7.82,2.1,2.4,5957,2.4,0,86.2,69.1,139.3,79.0,64.0,36.46,1727,93.0,87.6,0,1,0,0,0,1
U002,2026-06-03,7.72,2.28,4.2,6473,1.8,0,89.4,71.6,136.1,77.2,64.4,36.67,1770,82.6,84.5,0,0,0,0,0,0
U002,2026-06-04,6.95,2.19,3.6,6471,2.3,0,89.2,71.5,133.7,74.3,65.1,36.26,1780,71.5,80.1,0,0,0,0,0,0
U002,2026-06-05,6.38,2.13,1.0,6029,1.8,0,85.2,68.0,126.9,70.1,64.4,36.72,1815,75.3,68.6,0,0,0,0,0,0
U002,2026-06-06,6.6,1.8,1.0,7600,2.1,0,92.3,73.2,132.8,70.0,64.8,36.71,2051,72.9,66.6,0,0,0,0,0,0
U002,2026-06-07,7.79,1.61,2.7,8789,3.3,0,87.4,66.9,132.0,75.4,64.0,36.49,1969,84.0,72.5,0,1,0,0,0,0
U002,2026-06-08,7.96,1.21,1.3,8032,1.4,0,87.7,68.0,134.2,79.3,64.5,36.8,2155,87.8,81.9,0,1,0,0,0,0
U002,2026-06-09,7.25,2.22,2.7,9819,2.9,0,94.5,72.7,132.1,75.3,64.0,36.62,1923,81.1,82.7,0,0,0,0,0,0
U002,2026-06-10,7.83,1.64,3.3,6630,3.5,0,84.9,67.0,139.8,78.7,63.9,36.92,1760,84.9,90.3,0,1,0,0,0,1
U002,2026-06-11,4.99,1.5,4.7,6513,2.3,0,89.3,71.5,139.6,77.9,64.5,36.7,1800,48.0,25.2,1,0,1,0,1,1
U002,2026-06-12,6.8,1.42,4.9,5639,0.1,0,84.8,68.0,133.2,75.5,64.5,36.36,1904,84.3,52.1,1,1,0,0,1,0
U002,2026-06-13,5.35,2.01,3.6,3409,0.8,0,86.9,72.9,140.6,80.2,64.5,36.72,1721,48.3,39.3,1,0,1,0,1,1
U002,2026-06-14,5.69,1.89,5.7,5076,2.9,0,85.6,69.6,140.5,79.8,63.9,36.98,1746,51.3,41.7,1,0,1,0,1,1
U002,2026-06-15,5.23,2.43,5.3,5848,2.2,0,86.7,69.7,147.1,81.0,64.9,36.79,1626,61.7,36.6,1,0,1,1,1,1
U002,2026-06-16,4.8,1.99,5.1,8783,1.1,0,95.5,75.0,144.5,83.6,64.1,36.54,1922,50.3,32.2,1,1,1,1,1,1
U002,2026-06-17,6.7,2.11,3.8,8875,1.3,0,89.5,68.8,122.5,70.4,64.3,36.77,2041,78.2,65.0,1,0,0,1,0,0
U002,2026-06-18,6.41,1.73,3.5,6340,2.6,0,91.2,73.5,138.0,79.0,64.4,36.85,2056,73.0,58.4,1,1,0,0,1,0
U002,2026-06-19,6.95,2.7,2.7,9560,2.7,0,91.0,69.6,124.2,73.8,63.8,36.65,2025,64.8,85.2,0,0,1,0,0,0
U002,2026-06-20,6.93,1.94,3.1,10183,2.0,0,91.1,68.8,136.3,85.2,63.6,36.56,2180,83.5,78.3,1,1,0,0,0,0
U002,2026-06-21,7.38,2.09,6.1,9499,1.6,0,90.6,69.2,140.8,76.5,64.3,36.36,1699,87.3,72.7,0,0,0,1,0,1
U002,2026-06-22,7.29,2.31,3.8,7896,1.5,0,89.5,70.1,138.3,81.3,65.0,36.9,2123,91.5,86.7,0,0,0,0,0,0
U002,2026-06-23,6.05,2.35,1.9,5952,1.0,0,86.6,69.5,127.4,75.9,63.5,36.7,1763,66.6,64.2,1,0,0,0,0,0
U002,2026-06-24,7.31,2.14,4.9,5896,3.2,0,87.6,70.5,141.1,77.9,63.8,36.73,2034,81.5,66.0,0,0,0,0,0,1
U002,2026-06-25,6.75,2.03,4.6,8145,2.1,1,90.7,71.0,129.5,76.4,64.2,36.47,2055,63.4,65.4,0,0,1,0,0,0
U002,2026-06-26,5.48,2.04,3.8,10510,3.2,0,94.0,71.4,144.1,80.7,63.5,36.49,1938,54.6,40.6,0,0,1,0,1,1
U002,2026-06-27,5.71,1.96,5.6,11160,3.8,1,99.7,76.3,135.4,72.2,63.5,36.23,2060,63.2,46.8,1,0,1,1,1,0
U002,2026-06-28,7.55,2.36,4.6,8318,3.5,0,93.1,73.1,139.2,78.3,63.8,36.81,1822,85.6,89.5,0,0,0,1,0,1
U002,2026-06-29,8.08,3.1,7.3,5913,2.0,0,89.1,72.0,143.7,76.8,64.4,36.41,1977,70.5,68.1,0,0,0,1,0,1
U002,2026-06-30,7.34,2.44,7.6,6676,2.4,1,91.8,73.8,159.1,84.4,64.4,36.43,1839,70.5,66.3,1,0,0,1,0,1
U002,2026-07-01,6.9,1.71,6.1,4081,2.1,0,86.9,72.0,147.4,79.3,63.9,36.46,1668,60.9,46.9,0,0,1,1,1,1
U002,2026-07-02,6.65,1.79,8.9,6044,1.2,1,90.4,73.1,153.7,85.5,64.0,36.61,1567,65.5,37.8,1,0,0,1,1,1
U002,2026-07-03,8.62,2.91,6.8,6292,2.1,0,89.4,71.9,147.8,80.4,64.2,36.62,2010,88.1,64.5,0,0,0,1,0,1
U002,2026-07-04,8.31,2.22,7.3,5919,0.9,0,91.6,74.5,143.2,82.0,64.2,36.16,1784,74.4,70.5,0,0,0,1,0,1
U002,2026-07-05,8.16,2.79,7.1,3973,2.8,0,88.9,74.1,148.4,82.2,64.3,36.78,1733,81.3,70.0,1,0,0,1,0,1
U002,2026-07-06,8.6,3.14,8.3,6287,1.8,1,88.7,71.2,155.2,84.7,64.4,36.26,1851,79.6,62.7,0,0,0,1,0,1
U002,2026-07-07,8.17,2.47,9.5,5813,2.1,1,93.7,76.7,148.6,76.2,64.1,36.83,1943,83.2,60.0,0,0,0,1,0,1
U002,2026-07-08,7.48,2.51,8.2,4582,2.3,1,88.4,72.9,148.0,80.8,64.4,36.68,1758,80.1,57.9,0,0,0,1,1,1
U002,2026-07-09,7.11,2.96,6.2,1314,1.8,0,84.7,73.2,142.0,77.6,64.2,36.51,1346,72.8,74.8,0,0,0,1,0,1
U002,2026-07-10,7.0,2.42,6.5,4114,2.5,0,87.6,72.7,142.0,72.8,64.6,36.94,1955,76.5,68.6,1,0,0,1,0,1
U002,2026-07-11,6.97,2.17,5.1,8319,1.7,0,89.2,69.2,140.7,79.9,64.3,36.59,2032,64.7,69.3,1,0,1,1,0,1
U002,2026-07-12,7.62,1.87,7.9,10249,2.7,1,92.8,70.5,142.4,83.0,64.4,36.8,2074,82.0,55.7,1,0,0,1,1,1
U002,2026-07-13,7.42,1.52,7.2,7912,0.9,1,94.1,74.6,144.6,81.9,64.0,36.85,1999,72.9,69.7,0,1,0,1,0,1
U002,2026-07-14,7.9,1.45,6.0,6517,1.8,0,84.9,67.1,147.0,79.3,63.9,36.56,2017,87.9,64.7,0,1,0,1,0,1
U002,2026-07-15,7.47,1.18,6.0,7489,3.8,0,87.3,68.3,136.5,79.4,64.5,36.45,2186,71.5,59.9,0,1,0,1,1,0
U002,2026-07-16,7.35,1.52,3.8,5688,1.6,0,85.1,68.3,133.4,80.4,64.0,36.59,1869,83.8,70.4,0,1,0,1,0,0
U002,2026-07-17,5.45,1.41,2.8,6814,1.2,0,87.9,69.7,133.8,76.0,64.1,36.72,1893,71.3,48.7,1,1,0,0,1,0
U002,2026-07-18,6.88,1.74,5.1,8101,2.3,1,89.0,69.3,135.8,81.1,63.9,36.22,2158,72.4,69.2,0,0,0,1,0,0
U002,2026-07-19,7.23,1.22,4.2,9463,2.2,0,89.8,68.5,138.5,76.0,64.0,36.53,1812,80.8,61.4,0,1,0,0,0,1
U002,2026-07-20,8.02,1.66,2.9,8075,2.4,0,87.7,68.0,136.7,75.8,64.1,36.7,1927,82.8,81.3,0,1,0,0,0,0
U002,2026-07-21,5.06,2.13,4.3,7220,2.6,0,92.6,73.9,147.2,82.6,64.0,36.3,1946,43.7,38.3,1,0,1,1,1,1
U002,2026-07-22,7.67,1.28,6.2,5741,2.8,0,84.4,67.5,142.5,83.1,64.7,36.79,1933,65.5,56.1,0,1,0,1,1,1
U002,2026-07-23,7.28,1.72,6.9,5081,3.3,1,88.2,72.1,147.9,78.7,64.2,36.68,1399,77.3,54.2,1,1,0,1,1,1
U002,2026-07-24,8.14,2.32,7.7,5687,2.8,1,89.4,72.6,146.4,80.6,64.3,36.63,2012,78.2,64.5,0,0,0,1,0,1
U002,2026-07-25,6.77,1.71,5.8,6916,2.0,0,87.9,69.6,142.6,83.1,64.2,36.97,1722,61.0,56.5,0,0,1,1,1,1
U002,2026-07-26,7.4,2.49,3.6,8382,2.6,0,87.2,67.1,131.4,80.2,65.0,36.88,1849,78.7,81.6,0,0,0,0,0,0
U002,2026-07-27,6.31,2.46,6.1,6439,4.0,1,91.7,73.9,141.2,73.4,64.5,36.68,1831,67.8,56.7,1,0,0,1,1,1
U002,2026-07-28,6.04,2.0,5.3,9046,2.5,0,90.1,69.3,141.9,82.3,64.0,36.28,1927,56.2,50.9,1,0,1,1,1,1
U002,2026-07-29,8.11,1.98,4.9,7600,1.2,0,91.1,72.0,135.8,74.6,64.4,36.55,1917,71.9,84.2,1,0,0,1,0,0
U002,2026-07-30,7.5,2.21,6.8,7266,2.8,0,89.3,70.6,158.2,86.9,64.4,36.81,1985,73.0,71.3,0,0,0,1,0,1
U002,2026-07-31,7.49,2.16,7.1,5968,2.1,0,89.0,71.8,144.6,79.9,64.1,36.82,1970,73.0,64.8,1,0,0,1,0,1
U002,2026-08-01,8.06,2.31,7.1,2705,0.0,0,86.0,72.7,140.2,80.1,64.0,36.62,1981,76.9,66.3,0,0,0,1,0,1
U002,2026-08-02,8.07,1.82,9.6,6230,2.2,1,86.9,69.4,151.5,78.5,64.1,36.31,1997,67.6,50.5,0,0,0,1,1,1
U002,2026-08-03,7.78,1.96,7.3,7764,1.5,1,92.6,73.3,148.3,76.8,64.8,36.98,1700,79.2,67.7,0,0,0,1,0,1
U002,2026-08-04,7.79,1.41,7.9,6943,1.8,1,95.5,77.1,141.3,81.7,64.3,36.84,1924,81.4,51.1,0,1,0,1,1,1
U002,2026-08-05,9.0,1.6,7.1,7076,2.3,1,89.8,71.3,150.4,84.0,64.5,36.8,1895,80.6,58.3,0,0,0,1,1,1
U002,2026-08-06,8.5,1.4,6.9,7842,2.3,1,93.8,74.4,151.3,83.3,64.0,36.31,2048,71.7,68.4,0,1,0,1,0,1
U002,2026-08-07,8.08,1.35,8.5,4985,2.8,1,86.9,71.0,163.9,84.1,63.7,36.46,1663,64.9,55.2,1,1,1,1,1,1
U002,2026-08-08,8.57,2.1,8.2,5167,1.8,1,84.7,68.5,147.1,74.3,64.5,36.75,2004,67.1,58.9,0,0,0,1,1,1
U002,2026-08-09,8.92,2.5,8.0,7322,2.4,1,91.0,72.2,148.5,83.1,64.2,36.47,1830,75.0,61.5,0,0,0,1,0,1
U002,2026-08-10,9.0,2.54,8.6,5205,1.9,1,86.4,70.2,152.4,83.2,64.1,36.52,1840,68.8,64.8,0,0,0,1,0,1
U002,2026-08-11,8.88,1.89,7.0,6560,2.7,0,91.7,73.8,145.4,76.7,64.3,36.99,2132,78.9,62.5,1,0,0,1,0,1
U002,2026-08-12,7.12,1.81,5.2,4665,2.8,0,90.2,74.6,136.5,79.7,64.5,36.76,1851,70.5,66.7,0,0,0,1,0,0
U002,2026-08-13,8.51,2.37,3.7,6559,1.3,0,84.6,66.7,134.6,74.0,63.7,36.88,1835,90.2,89.0,0,0,0,0,0,0
U002,2026-08-14,6.9,2.28,1.3,6724,2.8,0,85.3,67.2,141.5,82.7,64.4,36.75,2078,80.3,81.9,0,0,0,0,0,1
U002,2026-08-15,7.2,3.09,5.3,4344,1.7,0,83.7,68.5,143.9,78.9,64.3,36.99,1605,62.6,59.8,0,0,1,1,1,1
U002,2026-08-16,6.46,2.81,3.6,7487,2.7,0,89.7,70.7,139.6,75.9,64.2,36.81,1929,71.1,57.0,1,0,0,1,1,1
U002,2026-08-17,6.62,2.57,3.7,6098,2.6,0,87.9,70.6,135.2,76.8,64.2,36.91,1845,74.6,63.5,0,0,0,1,0,0
U002,2026-08-18,7.06,2.22,3.7,5286,3.9,0,86.9,70.5,133.4,74.5,64.7,36.59,2196,76.2,83.2,0,0,0,0,0,0
U002,2026-08-19,7.32,2.18,4.5,6455,2.4,0,87.0,69.2,135.7,73.0,64.8,36.29,1851,93.2,80.1,0,0,0,1,0,0
U002,2026-08-20,7.56,2.05,5.8,8518,1.8,0,90.1,69.9,131.5,78.3,64.3,36.8,1898,78.2,75.7,1,0,0,1,0,0
U002,2026-08-21,8.76,2.31,6.8,6175,1.9,1,87.6,70.2,148.9,82.8,64.2,36.6,1988,65.3,62.8,1,0,0,1,0,1
U002,2026-08-22,8.45,2.57,5.4,6684,1.7,1,85.8,67.8,136.2,77.7,64.4,36.63,1886,80.2,78.2,0,0,0,1,0,0
U002,2026-08-23,7.66,2.03,5.1,7510,2.7,0,87.7,68.7,140.9,82.4,64.4,36.7,2071,78.7,70.6,0,0,0,1,0,1
U002,2026-08-24,8.24,1.48,5.5,8335,0.7,0,93.4,73.4,144.1,77.0,64.1,36.47,1928,77.2,67.3,0,0,0,1,0,1
U002,2026-08-25,8.79,0.96,5.0,7942,0.6,0,92.1,72.6,138.9,85.3,64.9,36.43,2086,84.8,63.3,0,1,0,1,0,1
U002,2026-08-26,7.0,1.58,7.3,6899,0.6,1,91.1,72.9,134.9,78.7,64.6,36.51,1744,81.3,47.2,0,0,0,1,1,0
U002,2026-08-27,7.52,1.3,7.3,5659,2.5,0,89.0,72.2,143.0,78.0,64.6,36.47,1995,79.8,51.9,0,1,0,1,1,1
U002,2026-08-28,7.93,0.8,7.7,6464,3.8,0,88.2,70.4,157.6,81.6,64.1,36.76,2049,80.0,47.6,1,1,0,1,1,1
U002,2026-08-29,7.3,1.39,7.8,5060,2.4,1,88.3,72.2,146.8,83.1,64.7,36.76,1871,73.2,46.2,0,1,0,1,1,1
U002,2026-08-30,8.39,2.63,8.6,1476,2.0,0,85.9,74.1,144.3,79.5,64.4,36.65,1750,68.9,54.5,0,0,0,1,1,1
U002,2026-08-31,7.7,2.38,7.8,4918,2.1,1,87.9,72.0,148.1,79.2,64.1,36.38,2011,77.4,67.7,0,0,0,1,0,1
U002,2026-09-01,7.53,2.56,5.1,7368,3.1,0,91.3,72.5,144.5,85.9,64.3,36.77,1914,77.5,91.9,0,0,0,1,0,1
U002,2026-09-02,7.17,2.37,5.6,3500,1.5,0,88.9,74.7,141.7,79.8,65.0,36.55,1539,71.7,70.6,0,0,0,1,0,1
U002,2026-09-03,7.11,2.18,4.5,3676,2.1,0,83.5,69.1,138.8,79.5,64.1,36.42,1587,80.8,75.7,0,0,0,0,0,1
U002,2026-09-04,6.1,2.48,3.9,6303,2.9,0,91.2,73.6,142.4,82.1,64.4,36.68,1736,66.2,61.1,0,0,0,0,0,1
U002,2026-09-05,5.19,2.17,5.1,9858,2.8,0,92.4,70.6,137.8,79.2,63.8,36.32,1920,57.9,28.3,1,0,1,1,1,0
U002,2026-09-06,7.32,2.21,6.8,8461,2.4,1,92.0,71.9,138.5,77.4,64.1,36.83,1935,81.0,59.2,1,0,0,1,1,1
U002,2026-09-07,6.45,2.25,6.3,6596,3.1,0,92.7,74.8,146.5,79.8,64.2,36.74,1743,67.5,54.1,1,0,0,1,1,1
U002,2026-09-08,5.8,1.89,6.4,6512,0.0,1,93.4,75.6,142.3,75.2,63.7,36.23,1931,70.7,48.5,1,1,0,1,1,1
U002,2026-09-09,4.38,2.33,8.4,8899,2.0,0,96.3,75.7,142.6,79.1,64.5,36.5,2082,43.6,0.0,1,0,1,1,1,1
U002,2026-09-10,4.87,2.13,7.7,6942,1.4,1,96.2,77.9,148.5,84.3,64.4,36.67,1786,41.0,22.7,1,0,1,1,1,1
U002,2026-09-11,4.56,1.77,10.0,5725,0.1,1,91.8,74.9,152.1,83.5,64.3,36.47,2104,49.4,0.0,1,1,1,1,1,1
U002,2026-09-12,6.98,2.08,9.7,5610,1.9,1,89.0,72.3,148.1,81.7,63.4,36.59,1805,59.5,46.9,1,0,1,1,1,1
U002,2026-09-13,7.88,1.69,5.8,4819,3.3,0,84.9,69.1,149.0,80.8,63.6,36.45,1757,75.7,66.5,0,0,0,1,0,1
U002,2026-09-14,6.92,1.82,6.6,6100,2.3,1,92.9,75.6,147.7,79.5,64.1,36.39,1842,78.6,52.0,1,0,0,1,1,1
U002,2026-09-15,8.93,1.89,6.7,9082,3.0,0,92.8,71.9,142.6,81.0,64.3,36.71,2318,72.1,69.4,0,0,0,1,0,1
U002,2026-09-16,9.0,2.37,8.0,8545,3.8,1,94.3,74.1,153.9,92.9,64.1,36.73,1958,74.5,65.9,0,0,0,1,0,1
U002,2026-09-17,7.93,2.41,8.1,7379,3.8,1,91.4,72.5,154.7,86.5,64.1,36.63,2049,70.2,59.7,1,0,0,1,1,1
U002,2026-09-18,5.36,2.24,7.0,6734,4.1,0,94.5,76.4,148.8,83.4,63.7,36.52,1911,49.6,26.4,1,0,1,1,1,1
U002,2026-09-19,8.03,2.47,4.6,4430,3.3,0,84.8,69.4,139.8,79.7,64.5,36.31,1764,72.7,70.9,0,0,0,1,0,1
U003,2026-04-23,7.93,1.12,6.3,6143,3.6,1,84.5,67.2,126.6,74.8,70.2,36.06,1783,69.7,59.9,0,1,0,1,1,1
U003,2026-04-24,9.0,2.08,6.7,7911,3.5,0,85.3,65.9,121.3,71.7,69.9,36.61,1914,74.3,56.0,0,0,0,1,1,1
U003,2026-04-25,9.0,1.48,6.9,6852,2.6,1,85.9,67.6,126.2,72.3,70.5,36.54,1764,66.8,52.9,0,1,0,1,1,1
U003,2026-04-26,7.84,1.58,6.4,6855,3.1,0,84.4,66.1,126.3,74.1,70.2,36.29,1832,87.3,60.3,0,1,0,1,0,1
U003,2026-04-27,7.48,1.58,6.0,6967,1.3,0,82.7,64.3,113.0,65.6,69.7,36.5,1973,73.9,68.1,0,1,0,1,0,0
U003,2026-04-28,5.73,1.98,4.8,3991,2.2,0,84.6,69.8,116.8,72.6,70.3,36.16,1476,52.4,40.6,1,1,1,1,1,0
U003,2026-04-29,5.63,1.35,5.8,5474,3.8,0,85.8,69.2,123.1,68.6,70.3,36.58,2006,55.6,34.8,1,1,1,1,1,1
U003,2026-04-30,5.82,1.79,6.2,5161,2.3,0,83.2,67.0,137.6,78.5,70.7,36.53,1848,61.8,42.4,1,1,1,1,1,1
U003,2026-05-01,5.83,2.69,6.5,5312,1.3,0,82.9,66.5,125.3,70.8,70.3,36.53,2005,61.6,41.2,1,0,1,1,1,1
U003,2026-05-02,6.43,1.87,5.3,8406,1.2,1,86.9,66.8,117.8,72.8,70.5,36.89,1851,67.0,54.4,0,1,0,1,1,0
U003,2026-05-03,5.93,2.0,2.1,5744,0.7,0,83.5,66.6,107.4,65.2,70.4,37.01,2063,76.8,63.4,0,0,0,0,0,0
U003,2026-05-04,7.35,1.73,4.6,7639,0.9,0,81.1,62.0,125.0,75.4,70.5,36.17,1910,73.1,69.7,1,1,0,0,0,1
U003,2026-05-05,7.21,2.01,4.0,6885,1.3,0,86.1,67.8,117.3,68.2,70.5,36.65,1923,86.5,79.5,1,0,0,1,0,0
U003,2026-05-06,7.12,2.01,3.1,6506,0.5,0,82.4,64.6,108.0,63.3,70.6,36.55,1982,81.9,78.6,1,0,0,0,0,0
U003,2026-05-07,6.78,1.75,4.6,7985,1.6,0,85.6,66.1,125.6,74.7,70.5,36.39,2036,67.5,63.1,1,1,0,1,0,1
U003,2026-05-08,7.01,2.05,4.2,8022,2.7,0,82.8,63.2,116.6,72.6,70.5,36.45,1967,78.0,69.3,0,0,0,0,0,0
U003,2026-05-09,7.73,2.75,5.9,8400,1.4,0,85.8,65.8,113.6,65.5,70.8,36.56,2174,89.8,74.1,0,0,0,1,0,0
U003,2026-05-10,6.67,2.37,6.5,9209,3.3,0,89.7,68.6,128.1,69.8,70.4,36.57,2075,71.9,54.4,1,0,0,1,1,1
U003,2026-05-11,6.23,2.51,7.1,7588,2.9,0,87.5,68.4,123.2,76.7,70.6,36.26,2080,67.3,42.4,1,0,0,1,1,1
U003,2026-05-12,6.27,1.79,4.5,6339,3.2,1,84.3,66.7,120.1,72.0,70.3,36.88,2137,69.6,50.8,1,1,0,0,1,1
U003,2026-05-13,5.38,1.49,6.4,4978,1.7,1,87.1,71.1,117.1,71.1,70.1,36.22,1875,60.6,32.4,1,1,1,1,1,0
U003,2026-05-14,5.3,1.88,6.3,4702,2.7,0,85.7,70.1,127.1,69.4,70.9,36.4,1842,56.7,42.1,1,0,1,1,1,1
U003,2026-05-15,5.56,2.52,5.4,10448,1.2,0,89.7,67.2,117.4,69.6,70.2,36.49,1804,68.5,52.5,1,0,0,1,1,0
U003,2026-05-16,6.91,2.46,5.5,10664,2.6,0,92.5,69.7,127.3,80.7,70.7,36.76,2074,64.0,71.9,1,0,1,0,0,1
U003,2026-05-17,7.18,2.15,2.8,6726,2.3,0,84.2,66.1,112.2,66.0,70.4,36.55,1952,78.5,71.9,0,0,0,0,0,0
U003,2026-05-18,7.28,2.09,4.0,4801,2.6,0,80.0,64.2,114.7,71.9,70.5,36.75,1995,79.0,86.6,0,0,0,1,0,0
U003,2026-05-19,7.91,1.55,2.9,6651,1.1,1,81.1,63.1,113.9,67.9,69.8,36.93,1886,79.3,78.5,0,1,0,0,0,0
U003,2026-05-20,7.43,1.97,1.6,7679,0.9,0,81.6,62.4,110.0,62.5,70.4,36.77,2053,97.8,87.1,0,0,0,0,0,0
U003,2026-05-21,7.6,2.34,1.0,8195,2.2,0,84.3,64.4,113.7,67.6,70.2,36.66,1943,100.0,90.8,0,0,0,0,0,0
U003,2026-05-22,7.27,2.02,3.4,7200,1.2,0,80.6,61.9,115.8,65.8,69.7,36.33,2220,72.9,79.2,0,0,0,0,0,0
U003,2026-05-23,7.4,1.82,3.0,6904,2.2,0,80.8,62.5,119.4,68.4,70.0,36.65,1729,84.0,77.3,0,0,0,0,0,1
U003,2026-05-24,6.72,2.0,5.8,7463,0.8,0,87.2,68.3,133.5,79.9,70.1,36.46,1911,77.5,57.7,0,0,0,1,1,1
U003,2026-05-25,4.69,1.83,4.8,7365,2.4,0,86.3,67.5,114.5,68.5,70.2,36.72,1910,44.3,24.9,1,1,1,1,1,0
U003,2026-05-26,5.49,1.87,2.4,3723,1.0,0,80.8,66.4,115.6,71.0,70.4,36.69,1810,65.2,53.6,1,0,0,0,1,0
U003,2026-05-27,7.35,2.76,1.6,5003,2.2,0,79.9,63.9,116.8,72.3,70.4,36.65,1715,91.2,89.6,1,0,0,0,0,0
U003,2026-05-28,8.02,2.36,4.4,4674,2.7,0,82.4,66.8,134.4,75.1,70.2,36.28,1697,81.2,77.1,0,0,0,0,0,1
U003,2026-05-29,8.46,2.07,4.3,6110,1.5,1,79.3,61.9,121.3,79.6,70.2,36.47,1848,81.2,70.1,0,0,0,1,0,1
U003,2026-05-30,8.97,1.78,3.8,11208,2.4,1,90.0,66.5,117.3,68.2,70.5,36.66,2193,81.4,71.5,0,0,0,0,0,0
U003,2026-05-31,8.26,2.17,4.4,9677,2.4,0,86.9,65.3,125.6,75.6,70.4,36.71,2199,84.1,83.6,0,0,0,0,0,1
U003,2026-06-01,7.93,2.03,5.3,7849,1.6,0,83.5,64.1,116.0,70.6,70.7,36.96,1771,80.8,63.9,0,0,0,1,0,0
U003,2026-06-02,7.01,1.76,6.8,8861,0.9,0,87.6,67.0,123.0,77.2,69.9,36.57,1750,71.3,53.3,1,1,0,1,1,1
U003,2026-06-03,6.73,2.38,8.3,8683,0.0,0,87.3,66.9,128.9,73.9,69.5,36.43,2015,68.0,44.8,1,0,0,1,1,1
U003,2026-06-04,7.38,2.8,6.8,8496,1.7,0,87.1,66.9,126.0,73.8,70.3,36.64,2216,74.9,63.4,0,0,0,1,0,1
U003,2026-06-05,8.29,2.24,4.4,8694,0.4,0,85.2,64.8,121.5,75.0,70.4,36.65,1822,85.0,78.2,0,0,0,1,0,1
U003,2026-06-06,7.65,1.4,4.0,11052,1.6,1,86.5,63.2,128.4,73.3,70.2,36.57,1890,79.2,80.3,0,1,0,0,0,1
U003,2026-06-07,6.99,2.04,4.7,7263,1.6,0,84.9,66.1,120.7,76.5,70.1,36.72,1816,77.3,56.4,0,1,0,1,1,1
U003,2026-06-08,7.0,1.75,3.4,7870,2.5,0,82.2,62.7,115.9,69.4,69.9,36.74,1777,66.5,65.7,0,0,0,0,0,0
U003,2026-06-09,7.53,2.17,2.5,5990,1.9,0,84.6,67.5,106.2,62.2,70.0,36.5,1688,88.7,96.2,0,0,0,0,0,0
U003,2026-06-10,6.05,1.31,3.7,7361,1.6,1,83.3,64.4,119.0,67.0,70.4,36.85,1818,70.4,43.9,1,1,0,1,1,1
U003,2026-06-11,4.41,1.94,4.0,5748,2.6,0,86.5,69.6,114.3,67.3,70.0,36.73,1619,46.2,25.4,1,0,1,0,1,0
U003,2026-06-12,4.96,1.48,4.4,5723,2.5,1,83.1,66.2,128.8,72.2,69.8,37.09,1618,55.2,34.5,1,0,1,0,1,1
U003,2026-06-13,4.7,1.98,3.5,5901,2.5,0,83.7,66.6,112.7,63.4,70.2,36.54,1768,60.3,48.5,1,0,1,0,1,0
U003,2026-06-14,5.17,1.99,3.6,7972,2.6,1,88.2,68.6,120.3,71.8,70.5,36.32,1744,55.1,38.1,1,0,1,0,1,1
U003,2026-06-15,5.77,1.62,2.7,8917,0.7,0,85.9,65.2,108.2,68.5,70.4,36.61,2223,71.3,59.2,1,1,0,0,1,0
U003,2026-06-16,5.87,1.61,4.7,6017,2.3,1,85.3,68.1,118.7,67.7,70.3,36.59,1762,67.3,52.0,1,1,0,0,1,1
U003,2026-06-17,7.6,2.04,6.2,6594,2.7,0,89.3,71.3,123.8,70.9,70.1,36.86,2098,77.4,59.2,0,0,0,1,1,1
U003,2026-06-18,7.65,2.07,3.2,5690,1.2,0,82.5,65.7,113.0,67.3,69.8,36.64,1891,81.4,78.7,0,0,0,0,0,0
U003,2026-06-19,7.65,2.27,2.4,4383,1.5,0,82.8,67.5,110.6,68.0,70.2,36.53,1592,89.1,87.4,0,0,0,0,0,0
U003,2026-06-20,7.94,2.95,1.1,5353,1.8,0,78.1,61.6,108.5,62.9,70.2,36.46,1931,91.8,100.0,0,0,0,0,0,0
U003,2026-06-21,6.56,1.95,1.3,5695,1.8,0,80.2,63.3,117.1,68.9,71.0,36.89,1810,74.6,70.0,0,0,0,0,0,0
U003,2026-06-22,7.65,2.62,2.3,10130,2.3,0,85.6,63.4,117.3,67.2,70.4,36.58,2282,92.8,91.0,0,0,0,0,0,0
U003,2026-06-23,7.32,2.41,1.0,9240,3.4,0,86.5,65.4,112.2,67.7,70.0,36.47,2111,85.4,94.2,0,0,0,0,0,0
U003,2026-06-24,7.78,1.89,1.0,5972,3.5,0,80.0,62.9,114.9,65.1,71.0,36.6,1765,83.2,95.1,0,0,0,0,0,0
U003,2026-06-25,6.53,1.4,1.0,5605,1.2,0,80.9,64.2,110.9,66.8,70.1,36.56,1861,79.7,64.5,0,1,0,0,0,0
U003,2026-06-26,5.35,1.56,2.3,7895,2.3,1,88.3,68.8,114.5,69.8,70.5,36.58,1992,58.9,51.1,1,1,1,0,1,0
U003,2026-06-27,6.73,2.11,3.2,10703,3.4,0,90.7,67.8,115.3,67.0,69.6,36.56,2058,74.4,73.8,0,0,0,0,0,0
U003,2026-06-28,7.17,2.01,2.7,6379,2.8,0,82.1,64.4,123.7,68.5,70.6,36.77,1899,75.4,67.0,0,0,0,0,0,1
U003,2026-06-29,6.31,2.61,3.6,3759,3.3,0,80.3,65.8,124.5,72.3,70.3,36.45,1591,63.2,55.4,0,0,1,1,1,1
U003,2026-06-30,5.82,1.79,3.3,8296,4.3,0,88.1,68.1,111.3,69.1,70.1,36.97,1921,66.2,55.6,1,1,0,0,1,0
U003,2026-07-01,7.28,1.87,3.4,8255,3.7,0,86.5,66.6,107.4,69.7,70.5,36.44,1880,87.2,77.3,0,1,0,0,0,0
U003,2026-07-02,6.12,1.42,6.3,6274,2.7,1,88.4,70.8,129.2,72.1,70.5,36.58,2034,57.4,37.2,1,1,1,1,1,1
U003,2026-07-03,7.92,1.8,7.8,7470,3.2,0,86.0,67.0,127.3,70.6,70.1,36.88,1966,79.1,55.4,1,0,0,1,1,1
U003,2026-07-04,6.76,2.23,5.1,3126,2.5,0,78.6,64.9,123.0,71.4,70.3,37.0,1723,92.4,65.5,0,0,0,0,0,1
U003,2026-07-05,7.42,1.97,6.3,5068,2.2,0,79.4,63.3,121.6,75.7,70.7,36.81,1896,79.4,62.6,0,0,0,1,0,1
U003,2026-07-06,6.96,0.94,7.0,6545,1.7,1,83.0,65.2,117.8,71.4,70.3,36.7,2054,63.6,44.6,0,1,1,1,1,0
U003,2026-07-07,7.51,1.44,4.8,8213,3.4,0,86.7,66.9,122.5,69.4,70.1,36.84,1981,72.2,67.2,0,1,0,0,0,1
U003,2026-07-08,6.83,1.84,6.0,6026,1.6,0,81.8,64.5,133.8,75.9,70.6,36.76,1958,74.7,59.4,0,0,0,1,1,1
U003,2026-07-09,6.75,2.07,7.9,6646,3.4,1,84.7,66.7,135.3,74.0,69.7,36.71,2217,65.8,41.3,0,0,0,1,1,1
U003,2026-07-10,6.89,2.53,5.4,5380,2.9,0,86.1,69.7,121.4,71.3,70.5,36.57,1824,77.0,70.4,0,0,0,1,0,1
U003,2026-07-11,6.05,1.89,4.0,6588,0.9,0,87.8,69.9,122.7,73.1,69.9,36.46,1959,79.6,52.9,1,0,0,1,1,1
U003,2026-07-12,7.08,2.21,5.7,5398,2.0,0,84.1,67.6,131.7,73.2,70.7,36.72,1874,80.4,72.2,1,0,0,1,0,1
U003,2026-07-13,6.6,2.6,5.9,5563,0.0,0,84.8,68.1,119.0,72.3,70.3,36.64,1925,73.5,53.5,0,0,0,1,1,1
U003,2026-07-14,6.56,1.65,6.4,4729,2.0,1,82.4,66.8,130.9,74.0,69.8,36.82,2039,65.3,51.7,0,0,0,1,1,1
U003,2026-07-15,5.86,1.92,6.5,6879,2.8,1,86.6,68.3,126.4,76.5,70.4,36.83,1882,55.6,44.6,1,0,1,1,1,1
U003,2026-07-16,4.06,1.75,6.6,8278,1.7,0,89.0,69.1,118.1,71.2,70.2,36.41,2184,51.6,11.2,1,1,1,1,1,0
U003,2026-07-17,5.07,1.82,4.2,7273,2.0,0,82.3,63.6,122.7,70.3,70.4,36.51,1691,53.4,45.9,1,0,1,0,1,1
U003,2026-07-18,7.96,2.03,6.0,7196,3.9,1,83.3,64.7,131.9,75.4,70.2,36.82,1815,77.9,68.7,0,1,0,1,0,1
U003,2026-07-19,8.27,1.82,7.3,4839,2.1,0,81.9,66.1,125.7,72.9,70.3,36.61,1855,77.8,72.3,0,0,0,1,0,1
U003,2026-07-20,7.74,1.62,6.3,5452,1.0,0,83.1,66.6,121.5,73.1,69.9,36.62,1705,77.1,59.8,1,0,0,1,1,1
U003,2026-07-21,7.22,1.79,5.9,6148,3.1,1,83.3,65.9,129.3,75.7,70.6,36.72,1748,77.3,54.8,1,0,0,1,1,1
U003,2026-07-22,7.15,1.44,3.4,10659,4.2,1,88.3,65.5,117.9,70.0,70.1,36.67,1946,74.5,60.6,0,1,0,0,0,0
U003,2026-07-23,7.57,1.23,4.6,7096,2.7,1,79.5,61.0,122.7,73.3,70.1,36.77,1865,79.2,62.9,0,1,0,0,0,1
U003,2026-07-24,6.3,1.81,5.6,9330,3.2,0,88.2,67.0,133.3,76.8,70.4,36.56,1999,66.2,48.6,0,0,0,1,1,1
U003,2026-07-25,7.56,1.43,5.3,9719,3.6,0,89.1,67.5,115.7,67.3,70.3,36.51,1839,70.4,76.2,1,1,0,0,0,0
U003,2026-07-26,7.97,1.92,6.8,8797,1.8,0,91.4,70.9,125.7,74.3,69.8,36.92,2023,73.6,68.8,0,0,0,1,0,1
U003,2026-07-27,8.21,2.14,5.8,10639,1.5,0,91.6,68.9,116.1,66.4,69.9,36.59,2009,73.4,73.3,0,0,0,1,0,0
U003,2026-07-28,8.11,1.39,6.4,9400,3.0,1,86.6,65.3,132.8,75.3,70.7,36.57,2135,83.8,59.1,0,1,0,1,1,1
U003,2026-07-29,7.69,1.36,4.5,8806,3.9,0,84.5,64.0,121.4,68.6,70.5,36.32,1892,85.6,72.0,0,1,0,1,0,1
U003,2026-07-30,8.0,2.1,4.6,7820,3.1,0,82.9,63.5,124.9,73.1,70.5,36.68,2238,71.3,76.4,0,0,0,0,0,1
U003,2026-07-31,8.12,1.67,4.5,9317,1.5,1,88.3,67.2,116.5,71.8,70.0,36.62,1858,74.6,68.7,0,0,0,1,0,0
U003,2026-08-01,7.36,1.61,5.0,9868,3.7,1,88.7,66.8,123.1,76.1,70.5,37.09,1951,76.1,64.5,0,1,0,1,0,1
U003,2026-08-02,6.71,1.95,4.4,7458,2.0,1,84.9,66.0,116.3,69.9,70.5,36.6,1888,75.8,63.8,1,0,0,1,0,0
U003,2026-08-03,6.92,2.29,4.4,5172,1.7,0,87.3,71.1,114.6,69.5,70.4,36.5,1946,71.9,78.9,1,0,0,1,0,0
U003,2026-08-04,8.31,2.07,5.8,5770,2.2,0,84.0,67.1,123.6,71.9,70.0,36.69,1812,81.6,72.5,0,0,0,1,0,1
U003,2026-08-05,6.7,1.8,4.9,5137,3.6,1,86.5,70.4,118.1,67.8,70.4,36.5,1608,63.4,61.7,0,0,1,0,0,0
U003,2026-08-06,5.53,2.45,2.6,5969,3.3,0,86.3,69.2,110.6,69.5,70.5,36.55,1843,57.3,64.2,1,0,1,0,0,0
U003,2026-08-07,6.26,2.97,5.9,8413,2.8,0,90.8,70.7,119.9,70.9,70.0,36.66,1958,69.7,56.4,1,0,0,1,1,1
U003,2026-08-08,6.6,2.97,7.6,6994,2.7,0,87.3,68.9,132.4,71.9,70.4,36.96,1690,63.1,50.7,1,0,1,1,1,1
U003,2026-08-09,6.91,2.62,5.0,6930,2.2,0,84.9,66.6,122.6,68.9,69.7,36.41,1997,75.9,61.5,1,0,0,1,0,1
U003,2026-08-10,7.16,2.05,6.0,7055,2.6,0,85.4,67.0,110.1,70.7,70.4,36.96,2161,74.9,60.7,1,0,0,1,0,0
U003,2026-08-11,6.9,1.7,4.9,8350,0.0,0,87.3,67.3,119.5,72.9,70.5,36.62,1515,71.1,65.5,0,1,0,1,0,1
U003,2026-08-12,8.25,2.03,5.3,4172,1.0,1,81.4,66.3,122.8,73.1,70.4,36.42,1422,81.8,81.6,0,0,0,1,0,1
U003,2026-08-13,6.34,2.18,5.7,4640,1.9,0,82.5,66.9,125.6,71.8,70.5,36.9,1553,71.8,55.1,1,0,0,1,1,1
U003,2026-08-14,5.88,2.67,5.1,6149,0.9,0,84.6,67.2,123.3,76.6,70.4,36.84,2160,66.6,48.5,1,0,0,1,1,1
U003,2026-08-15,6.23,2.66,4.0,8445,2.0,0,88.5,68.4,118.5,70.0,70.0,36.51,1995,72.4,60.2,1,0,0,1,0,1
U003,2026-08-16,5.09,1.8,3.3,6955,1.8,1,90.4,72.0,114.3,66.5,70.5,36.38,1907,55.0,50.1,0,0,1,1,1,0
U003,2026-08-17,5.7,2.3,2.5,4052,3.6,0,81.7,66.8,121.6,76.8,69.8,36.29,1648,65.3,56.6,1,0,0,0,1,1
U003,2026-08-18,7.68,1.78,2.1,6492,4.0,1,79.3,61.6,118.6,66.6,70.1,36.78,1889,63.9,80.7,0,0,1,0,0,1
U003,2026-08-19,7.43,1.71,2.8,5755,2.2,0,81.3,64.4,111.7,67.4,70.4,36.51,1881,79.6,81.6,0,0,0,0,0,0
U003,2026-08-20,7.46,1.93,2.5,4523,1.9,0,79.5,64.1,110.5,67.3,70.1,37.1,1936,82.0,80.2,0,0,0,0,0,0
U003,2026-08-21,6.17,2.76,4.2,4788,1.9,0,85.5,69.7,122.5,77.2,70.4,36.86,1873,63.4,46.1,0,0,1,0,1,1
U003,2026-08-22,5.96,3.5,6.6,5606,1.5,0,87.3,70.6,118.5,66.9,70.1,36.34,1627,71.5,44.7,1,0,0,1,1,1
U003,2026-08-23,6.04,3.26,5.3,5360,2.0,0,84.1,67.6,118.1,73.3,70.5,36.58,2003,66.1,52.9,1,0,0,1,1,0
U003,2026-08-24,6.15,2.68,5.5,2742,1.3,0,81.3,68.0,124.5,70.9,70.2,36.44,1806,55.7,53.8,1,0,1,1,1,1
U003,2026-08-25,7.62,2.62,6.1,6269,0.7,0,84.9,67.4,118.1,73.3,70.4,36.63,1470,76.1,68.4,1,0,0,1,0,0
U003,2026-08-26,7.86,2.73,6.4,8622,2.2,0,85.2,64.9,123.6,71.0,70.2,36.57,1944,79.3,75.5,0,0,0,1,0,1
U003,2026-08-27,6.54,2.31,6.1,8826,2.7,0,92.9,72.3,112.7,66.8,70.2,36.58,1981,66.8,52.0,1,0,0,1,1,0
U003,2026-08-28,6.94,2.9,6.8,6139,1.4,0,85.0,67.6,122.6,72.4,70.4,36.7,1662,77.0,52.8,0,0,0,1,1,1
U003,2026-08-29,7.4,2.63,7.0,6255,2.7,0,88.3,70.8,122.9,72.3,70.4,36.92,2062,79.6,60.5,0,0,0,1,0,1
U003,2026-08-30,8.24,2.58,4.6,6617,1.6,0,84.2,66.3,114.0,71.6,70.5,36.55,2005,73.6,86.3,0,0,0,0,0,0
U003,2026-08-31,9.0,2.61,6.0,7742,2.1,0,84.0,64.7,116.3,69.1,70.3,36.29,1751,79.0,70.0,0,0,0,1,0,0
U003,2026-09-01,7.39,2.54,6.9,8412,2.8,0,87.3,67.2,135.7,78.4,70.0,36.67,2105,64.0,50.2,0,0,1,1,1,1
U003,2026-09-02,6.52,2.66,5.3,6562,2.2,0,84.3,66.5,119.3,70.5,70.9,36.48,1810,72.5,59.2,1,0,0,0,1,1
U003,2026-09-03,5.61,2.15,5.2,6908,2.5,1,86.7,68.4,122.0,70.3,70.3,36.72,1704,58.7,44.5,1,0,1,1,1,1
U003,2026-09-04,5.96,1.87,6.1,7667,1.7,0,86.9,67.7,119.1,74.8,70.7,36.22,1748,58.9,47.1,1,0,1,1,1,1
U003,2026-09-05,6.78,1.48,5.5,9603,1.7,1,84.8,63.2,115.7,66.6,70.4,36.64,1882,63.0,51.7,0,1,1,1,1,0
U003,2026-09-06,7.74,1.86,6.9,9399,1.7,0,85.2,64.0,118.5,70.0,70.2,36.56,2329,83.0,68.6,0,0,0,1,0,1
U003,2026-09-07,7.38,2.23,9.7,9429,1.2,0,86.8,65.5,128.4,77.5,70.5,36.73,2101,63.1,49.2,0,0,1,1,1,1
U003,2026-09-08,6.94,2.32,7.2,8345,1.6,0,86.3,66.3,125.1,69.9,69.9,36.36,1819,69.2,67.9,0,0,0,1,0,1
U003,2026-09-09,7.1,2.86,4.5,9871,0.4,0,87.0,65.1,121.6,73.1,70.2,36.69,1992,83.9,66.9,0,0,0,0,0,1
U003,2026-09-10,6.33,2.52,5.1,9074,1.1,0,88.8,67.9,127.3,73.0,70.0,36.58,2101,76.8,60.0,0,0,0,1,0,1
U003,2026-09-11,8.43,2.58,6.1,6694,1.4,0,87.1,69.0,123.5,70.7,70.7,36.76,1757,67.5,71.6,0,0,0,1,0,1
U003,2026-09-12,6.45,1.91,5.4,9035,1.6,0,87.3,66.5,120.3,68.5,69.8,36.59,2049,72.5,56.6,0,1,0,1,1,1
U003,2026-09-13,6.83,1.79,7.4,9105,1.6,1,91.2,70.2,123.4,74.5,70.4,36.9,2168,70.8,43.7,0,1,0,1,1,1
U003,2026-09-14,8.68,2.15,4.8,7362,1.8,0,85.9,67.0,115.2,74.1,70.5,36.41,1987,85.0,75.0,0,0,0,0,0,0
U003,2026-09-15,8.01,2.43,5.8,6433,2.4,0,83.0,65.3,121.5,69.0,70.6,36.83,1765,77.6,82.1,1,0,0,1,0,1
U003,2026-09-16,7.44,2.14,4.7,7179,3.0,0,84.1,65.5,112.2,71.1,70.1,36.73,1961,91.3,76.7,0,0,0,0,0,0
U003,2026-09-17,6.95,2.06,7.3,7811,1.7,1,86.5,67.1,121.8,71.8,69.9,36.8,1541,68.5,49.9,0,0,0,1,1,1
U003,2026-09-18,6.81,1.43,9.4,7713,0.8,1,88.0,68.7,125.2,73.1,69.8,36.98,1731,70.4,42.6,0,1,0,1,1,1
U003,2026-09-19,8.09,1.51,7.0,7841,0.6,1,87.3,67.9,124.7,73.3,70.1,36.69,2114,76.8,64.3,0,1,0,1,0,1
U004,2026-04-23,8.02,2.29,4.6,8271,2.2,0,87.3,67.4,141.3,78.9,84.1,36.28,1724,76.0,80.5,0,0,0,0,0,1
U004,2026-04-24,7.32,1.42,7.0,7560,2.3,1,89.8,70.7,137.9,78.4,83.9,36.41,1864,79.1,54.7,0,1,0,1,1,1
U004,2026-04-25,7.56,1.5,7.4,6994,2.8,0,85.9,67.5,147.8,79.0,84.0,36.57,2038,81.2,61.7,0,1,0,1,0,1
U004,2026-04-26,8.39,1.88,6.5,6441,1.8,0,83.3,65.5,146.1,83.1,83.8,36.27,1721,85.9,70.8,0,0,0,1,0,1
U004,2026-04-27,6.63,2.0,5.3,8561,2.3,0,90.0,69.8,134.7,77.4,84.0,36.8,2048,59.4,49.9,1,1,1,0,1,0
U004,2026-04-28,6.15,2.17,4.7,6802,2.6,0,88.5,70.3,143.6,77.5,84.0,36.39,2026,65.7,55.5,1,0,0,0,1,1
U004,2026-04-29,6.24,2.19,5.4,6971,2.6,0,86.8,68.4,138.3,76.8,83.9,36.59,2201,67.3,44.1,1,0,0,1,1,1
U004,2026-04-30,5.85,2.63,5.4,7065,1.4,0,88.8,70.4,143.8,79.9,83.8,36.62,1885,65.7,47.7,1,0,0,0,1,1
U004,2026-05-01,7.84,1.99,4.4,6250,2.0,0,86.9,69.4,143.2,76.6,83.6,36.6,1958,77.8,73.3,1,0,0,0,0,1
U004,2026-05-02,6.75,1.73,4.4,4485,2.3,0,83.9,68.5,142.5,86.2,84.0,36.61,1679,67.7,58.6,0,1,0,0,1,1
U004,2026-05-03,6.36,1.53,4.7,6246,2.1,0,89.0,71.5,135.5,75.8,84.5,36.72,2002,72.5,52.2,1,1,0,1,1,0
U004,2026-05-04,6.8,2.05,1.7,6528,0.0,0,84.6,66.8,125.1,74.6,84.5,36.7,2100,84.9,71.4,0,0,0,0,0,0
U004,2026-05-05,5.82,2.39,3.4,7543,1.6,1,89.2,70.2,134.6,73.5,84.2,36.69,1852,66.6,54.8,0,0,0,0,1,0
U004,2026-05-06,5.94,2.41,2.5,6440,4.0,1,87.6,69.8,135.3,67.9,83.8,36.6,1694,61.9,66.0,0,0,1,0,0,0
U004,2026-05-07,6.65,2.72,1.6,8623,2.3,0,90.9,70.6,131.5,75.2,83.8,36.18,1980,86.0,80.9,0,0,0,0,0,0
U004,2026-05-08,6.49,1.96,1.0,6444,1.4,0,81.9,64.2,137.6,77.9,84.7,36.75,1876,73.7,71.0,0,0,0,0,0,1
U004,2026-05-09,6.61,2.64,1.0,9391,2.2,0,87.4,66.1,125.9,79.1,83.8,36.58,2014,77.7,89.8,1,0,0,0,0,0
U004,2026-05-10,6.3,3.0,1.0,5471,2.3,0,90.0,73.4,125.5,73.5,84.2,36.67,1932,78.9,73.3,1,0,0,0,0,0
U004,2026-05-11,5.25,2.89,1.0,6913,3.2,0,90.0,71.7,136.9,77.3,83.8,36.36,1663,54.8,50.5,1,0,1,0,1,0
U004,2026-05-12,6.23,3.25,4.1,7697,1.2,0,88.3,69.1,127.6,70.6,83.9,36.71,1839,68.1,53.1,1,0,0,0,1,0
U004,2026-05-13,8.08,2.09,3.6,6108,2.4,0,83.2,65.9,141.8,81.6,84.3,36.68,1882,86.6,89.3,0,0,0,0,0,1
U004,2026-05-14,7.67,1.84,4.3,7215,2.7,0,86.0,67.3,139.4,77.1,84.0,36.42,1975,86.2,71.4,0,1,0,0,0,1
U004,2026-05-15,7.6,1.61,5.1,9102,2.1,0,87.9,66.9,137.2,79.8,85.0,36.81,2058,76.4,77.8,0,1,0,0,0,0
U004,2026-05-16,7.97,2.06,5.2,4595,2.3,1,82.2,66.7,138.1,81.9,83.7,36.3,1843,90.3,85.4,0,0,0,1,0,1
U004,2026-05-17,6.46,1.61,5.1,6581,3.1,0,88.8,70.9,144.1,81.4,84.3,36.45,2027,70.3,49.3,1,1,0,0,1,1
U004,2026-05-18,8.18,2.07,3.3,2904,3.2,1,82.9,69.5,133.3,77.5,84.6,36.29,1788,78.0,76.4,0,0,0,0,0,0
U004,2026-05-19,7.88,2.59,5.9,3446,1.3,0,81.1,66.9,142.9,80.3,84.2,36.42,1806,82.9,71.9,0,0,0,1,0,1
U004,2026-05-20,8.97,2.63,8.2,7762,2.6,0,94.6,75.3,145.1,84.6,83.8,36.8,2128,69.0,67.3,0,0,0,1,0,1
U004,2026-05-21,7.53,2.49,4.8,6474,2.1,0,89.0,71.2,146.6,81.2,84.2,36.56,1887,79.3,87.7,0,0,0,0,0,1
U004,2026-05-22,8.92,1.9,3.4,4907,2.1,0,85.3,69.4,138.8,81.8,83.8,36.6,2065,72.4,84.8,0,0,0,0,0,1
U004,2026-05-23,8.83,1.6,3.5,5645,2.1,0,88.2,71.4,131.1,76.5,84.4,36.39,1973,87.2,82.1,0,1,0,0,0,0
U004,2026-05-24,8.59,2.26,2.6,9546,1.9,0,90.0,68.6,134.8,79.7,83.8,36.36,2245,87.1,90.7,0,0,0,0,0,0
U004,2026-05-25,8.16,2.47,4.0,5417,3.1,1,85.2,68.7,137.4,75.6,83.5,36.59,1779,82.6,89.1,0,0,0,0,0,0
U004,2026-05-26,7.48,2.27,3.3,4570,2.3,0,82.5,67.0,132.6,75.9,84.6,36.6,2073,95.1,84.9,0,0,0,0,0,0
U004,2026-05-27,8.34,1.99,6.9,8119,1.0,0,90.8,71.1,141.3,78.6,84.0,36.8,2149,75.5,70.9,0,0,0,1,0,1
U004,2026-05-28,7.93,1.18,8.0,10455,1.3,0,91.5,69.0,138.9,79.0,84.0,36.92,1857,85.6,63.8,0,1,0,1,0,1
U004,2026-05-29,5.83,1.08,7.4,8566,2.0,0,89.3,69.0,138.1,78.4,83.9,36.75,1787,61.6,30.1,1,1,1,1,1,1
U004,2026-05-30,5.31,2.21,8.2,5851,3.2,0,90.5,73.5,146.7,84.3,84.4,36.49,2002,38.6,26.2,1,0,1,1,1,1
U004,2026-05-31,5.82,1.62,8.8,9692,2.9,1,97.5,75.9,138.0,79.4,84.0,36.59,2143,58.9,26.3,1,1,1,1,1,1
U004,2026-06-01,6.57,1.85,6.8,10831,1.5,0,92.6,69.6,136.9,77.4,84.3,36.41,1986,74.2,63.4,0,1,0,1,0,0
U004,2026-06-02,6.69,2.31,5.1,9974,4.2,1,90.3,68.4,140.9,79.6,84.4,36.46,1808,70.4,64.4,0,0,0,0,0,1
U004,2026-06-03,7.89,1.68,5.2,7220,2.9,0,87.1,68.4,146.0,81.1,84.2,36.23,2116,77.6,69.8,1,1,0,0,0,1
U004,2026-06-04,5.82,1.88,6.4,7033,3.5,1,91.3,72.9,147.1,82.7,84.3,36.9,1972,55.8,34.3,1,0,1,1,1,1
U004,2026-06-05,6.42,2.31,6.2,6767,2.3,0,90.6,72.5,139.0,76.5,84.2,36.78,1757,69.0,53.1,1,0,0,1,1,1
U004,2026-06-06,5.05,2.19,3.6,7399,2.6,0,91.1,72.2,133.4,75.9,83.7,36.46,1895,64.2,43.3,1,0,1,0,1,0
U004,2026-06-07,6.5,3.26,2.8,9461,3.0,0,85.0,63.6,134.2,74.5,83.8,36.5,1692,77.1,71.8,1,0,0,0,0,0
U004,2026-06-08,6.62,2.09,3.4,9601,3.5,1,87.9,66.4,133.4,76.0,84.2,36.6,1801,65.8,66.2,0,0,0,0,0,0
U004,2026-06-09,7.14,2.48,3.8,6621,3.4,0,84.8,66.8,135.6,75.4,84.2,36.44,2025,77.1,85.3,1,0,0,0,0,0
U004,2026-06-10,6.32,2.22,7.0,8956,3.3,1,91.7,71.0,136.4,78.3,84.0,36.63,2057,62.7,48.8,1,0,1,1,1,0
U004,2026-06-11,7.72,2.44,4.4,8466,2.1,1,85.8,65.6,132.4,68.8,83.7,36.59,2232,85.4,76.5,0,0,0,0,0,0
U004,2026-06-12,8.35,2.44,5.3,8804,1.5,0,92.5,72.0,142.5,80.3,84.0,36.63,2033,75.4,82.6,0,0,0,0,0,1
U004,2026-06-13,8.32,1.97,7.3,10188,2.2,0,93.0,70.8,139.4,74.1,84.2,36.87,1877,85.7,81.2,0,0,0,1,0,1
U004,2026-06-14,7.68,2.07,9.9,6861,2.9,1,89.5,71.3,149.2,84.4,84.2,36.51,1782,67.3,51.6,1,0,0,1,1,1
U004,2026-06-15,7.92,1.3,7.8,6874,2.1,0,90.5,72.2,145.1,81.7,84.3,36.56,1760,84.2,54.8,0,1,0,1,1,1
U004,2026-06-16,6.93,1.82,7.7,6108,3.0,0,88.4,71.0,145.1,83.1,84.1,36.53,2128,69.7,57.2,1,1,0,1,1,1
U004,2026-06-17,7.71,2.01,7.7,4110,3.7,1,87.7,72.8,148.5,82.7,84.2,36.78,1681,71.7,61.3,0,0,0,1,0,1
U004,2026-06-18,8.88,2.26,7.2,6095,1.6,0,85.7,68.4,148.5,83.8,84.8,36.64,1974,75.1,70.9,0,0,0,1,0,1
U004,2026-06-19,9.0,2.58,6.4,10462,1.1,0,88.4,65.9,136.6,80.7,84.5,36.05,2211,82.4,52.7,0,1,0,0,1,0
U004,2026-06-20,7.6,2.5,6.6,5863,1.6,0,86.4,69.4,128.4,75.2,84.2,36.95,2033,85.5,75.7,0,0,0,0,0,0
U004,2026-06-21,7.68,2.36,2.5,6381,2.2,0,80.4,62.7,125.9,70.4,84.2,36.49,1861,76.0,90.3,0,0,0,0,0,0
U004,2026-06-22,6.27,1.86,4.2,7689,1.6,0,84.9,65.6,134.0,76.1,84.3,36.58,1994,70.9,58.6,1,1,0,0,1,0
U004,2026-06-23,7.06,1.63,4.6,7536,3.2,1,87.4,68.3,135.6,78.2,83.9,36.27,1997,71.2,69.7,0,1,0,0,0,0
U004,2026-06-24,7.44,2.25,4.4,7091,2.8,0,87.0,68.5,142.1,77.5,84.5,36.87,2009,91.3,79.5,0,0,0,0,0,1
U004,2026-06-25,5.62,2.73,7.5,5020,2.3,0,86.8,70.8,151.9,81.8,83.9,36.48,1549,53.1,41.9,1,0,1,1,1,1
U004,2026-06-26,5.15,2.34,5.8,6373,0.7,0,89.2,71.6,143.0,81.3,84.1,36.44,2017,56.3,27.6,1,0,1,1,1,1
U004,2026-06-27,5.64,2.22,5.0,5506,0.4,0,81.3,64.7,137.3,85.0,84.2,36.63,1967,54.7,43.8,1,0,1,1,1,0
U004,2026-06-28,5.92,1.77,7.8,2839,1.8,0,85.8,72.4,158.6,85.8,83.4,36.61,1933,59.6,26.4,1,1,1,1,1,1
U004,2026-06-29,5.29,2.33,5.8,6782,0.0,0,90.2,72.0,134.6,70.7,84.4,36.72,2003,61.8,38.5,1,0,1,1,1,0
U004,2026-06-30,6.31,2.47,4.8,8384,2.3,0,91.0,70.9,142.2,73.7,84.4,36.83,1846,58.7,54.8,1,0,1,0,1,1
U004,2026-07-01,6.81,3.06,4.6,7773,1.9,0,88.9,69.5,132.7,74.9,84.6,36.53,1970,76.3,51.7,1,0,0,0,1,0
U004,2026-07-02,6.72,2.28,5.9,7743,5.0,0,88.3,69.0,152.2,82.6,84.8,36.66,1966,65.5,67.9,1,0,0,1,0,1
U004,2026-07-03,6.16,2.02,6.0,9046,5.0,1,92.1,71.2,150.7,80.6,84.6,36.71,1870,56.6,41.4,1,0,1,1,1,1
U004,2026-07-04,7.42,2.1,3.8,8372,2.8,0,86.3,66.2,143.6,83.1,84.7,36.64,1860,81.1,80.2,1,0,0,0,0,1
U004,2026-07-05,8.71,2.32,3.4,9095,2.1,0,89.0,68.1,132.6,71.3,84.0,36.49,1858,88.2,92.1,0,0,0,0,0,0
U004,2026-07-06,7.6,2.11,3.0,7584,3.0,0,89.9,70.8,137.9,79.2,84.2,36.67,1884,88.3,91.1,0,0,0,0,0,1
U004,2026-07-07,6.82,1.71,3.5,9337,3.9,1,86.9,65.7,138.6,77.2,83.9,36.38,2051,61.4,70.9,1,1,1,0,0,1
U004,2026-07-08,7.33,2.18,4.6,8668,1.0,0,89.1,68.7,131.5,74.5,83.9,36.54,1988,70.1,83.0,0,0,0,0,0,0
U004,2026-07-09,6.88,2.4,5.3,8136,0.0,0,90.1,70.4,142.5,81.5,84.4,36.73,1748,83.4,74.5,1,0,0,1,0,1
U004,2026-07-10,6.81,1.87,2.7,5588,0.8,0,82.8,66.1,130.4,77.0,83.7,36.7,1760,80.3,78.6,1,1,0,0,0,0
U004,2026-07-11,7.53,2.47,4.9,6741,2.2,1,83.1,65.0,136.5,80.9,84.0,36.34,2070,83.6,90.7,0,1,0,0,0,0
U004,2026-07-12,5.64,2.75,5.3,5573,2.5,1,86.8,70.1,135.9,80.6,84.3,36.91,1906,65.9,49.5,1,0,0,0,1,0
U004,2026-07-13,7.34,2.5,7.2,5291,3.2,1,90.3,73.9,148.1,80.7,84.0,36.72,2089,77.4,77.0,1,0,0,1,0,1
U004,2026-07-14,7.27,2.33,7.2,4874,1.2,0,86.8,71.0,142.9,79.6,84.0,36.43,1927,73.7,66.3,0,0,0,1,0,1
U004,2026-07-15,6.8,2.42,8.1,4275,0.0,0,89.2,74.1,148.6,82.2,84.1,36.69,1748,74.5,53.9,1,0,0,1,1,1
U004,2026-07-16,6.8,1.91,7.8,8949,2.1,0,91.4,70.7,151.7,90.9,84.2,36.63,2082,60.3,46.6,0,1,1,1,1,1
U004,2026-07-17,6.85,1.96,8.9,10050,1.2,0,92.5,70.4,142.6,79.2,84.2,36.23,1830,58.1,44.2,0,1,1,1,1,1
U004,2026-07-18,5.39,1.11,8.5,11518,0.0,0,98.7,74.9,127.4,77.2,83.4,36.74,1847,43.9,19.7,1,1,1,1,1,0
U004,2026-07-19,7.35,1.82,7.3,7353,1.5,0,89.7,70.9,140.3,78.8,83.6,36.92,1921,70.3,68.3,0,1,0,1,0,1
U004,2026-07-20,7.24,1.27,9.9,7287,2.6,0,94.4,75.7,153.9,81.2,84.0,36.59,2124,66.6,47.1,1,1,0,1,1,1
U004,2026-07-21,7.54,2.16,9.7,5127,2.1,1,87.6,71.4,144.7,78.4,84.2,36.1,1916,68.1,54.1,0,0,0,1,1,1
U004,2026-07-22,8.16,1.96,9.1,4979,1.6,0,86.7,70.7,142.4,79.7,83.7,36.31,1858,70.6,50.9,1,0,0,1,1,1
U004,2026-07-23,6.8,1.89,6.0,4558,1.7,0,88.7,73.2,140.2,74.2,84.2,36.4,1592,73.3,59.6,1,1,0,0,1,1
U004,2026-07-24,7.29,1.69,3.9,7711,1.6,0,86.8,67.5,137.2,72.3,84.3,36.3,2107,85.9,79.3,0,1,0,0,0,0
U004,2026-07-25,6.94,1.7,4.6,6738,0.6,0,86.6,68.5,134.5,71.1,83.8,36.77,1573,77.6,69.2,0,1,0,0,0,0
U004,2026-07-26,7.71,2.39,5.0,8534,0.9,0,89.3,69.0,144.2,84.2,83.8,36.75,2304,85.5,78.7,0,0,0,1,0,1
U004,2026-07-27,5.55,1.24,4.1,8708,2.2,1,90.8,70.4,129.7,70.4,84.0,36.45,1932,65.6,37.0,1,1,0,0,1,0
U004,2026-07-28,6.05,2.05,4.6,11445,2.4,0,91.5,67.7,147.6,80.9,83.9,36.43,2138,68.9,50.2,1,0,0,1,1,1
U004,2026-07-29,5.9,2.17,7.0,6916,2.3,0,91.2,72.9,150.2,83.2,83.6,36.76,1955,62.7,45.3,1,0,1,1,1,1
U004,2026-07-30,6.72,1.62,7.4,8921,1.1,0,91.9,71.2,127.9,79.9,84.1,36.38,1840,64.1,60.4,0,1,1,1,0,0
U004,2026-07-31,7.24,1.34,5.0,9747,1.6,0,87.7,66.0,141.1,80.8,83.9,36.69,2191,89.8,63.2,0,1,0,0,0,1
U004,2026-08-01,6.52,2.27,4.9,6856,0.0,0,89.9,71.6,130.4,77.6,84.1,36.63,1869,74.2,60.4,0,0,0,1,0,0
U004,2026-08-02,6.09,1.79,3.8,8498,1.5,0,94.6,74.4,141.3,76.6,84.5,36.34,1813,67.2,53.1,1,1,0,0,1,1
U004,2026-08-03,6.36,1.41,3.6,8273,3.2,1,88.0,68.1,134.8,82.3,84.3,36.7,2165,74.9,61.0,1,1,0,0,0,0
U004,2026-08-04,5.82,2.1,3.4,7281,1.0,0,88.0,69.2,132.6,76.0,83.4,36.57,2145,73.1,46.4,1,0,0,0,1,0
U004,2026-08-05,7.04,2.2,3.2,5856,1.1,0,88.2,71.2,134.9,82.2,83.4,36.86,1767,81.1,83.4,0,0,0,0,0,0
U004,2026-08-06,6.7,1.74,2.0,5307,2.1,0,82.3,65.9,126.5,72.6,84.3,36.66,1743,88.6,82.8,0,1,0,0,0,0
U004,2026-08-07,4.26,1.93,2.7,9348,3.2,0,92.7,71.5,132.9,80.5,84.4,36.23,1974,50.8,28.7,1,1,1,0,1,0
U004,2026-08-08,5.03,1.55,2.6,8175,1.9,0,87.6,67.8,141.8,79.7,84.3,36.21,1911,54.2,36.7,1,1,1,0,1,1
U004,2026-08-09,4.9,2.17,1.0,8807,1.3,0,92.0,71.4,122.1,72.2,83.6,36.56,1928,62.2,55.1,1,0,1,0,1,0
U004,2026-08-10,4.31,2.53,3.8,6670,0.0,0,89.8,71.7,136.8,78.8,84.0,36.59,1656,47.8,25.3,1,0,1,0,1,0
U004,2026-08-11,4.29,2.53,5.7,5619,1.5,0,92.9,76.1,134.5,79.3,84.3,36.54,1852,41.6,13.6,1,0,1,1,1,0
U004,2026-08-12,5.47,2.46,5.0,7996,3.8,0,89.5,69.9,145.0,78.1,83.9,36.59,2094,64.0,40.2,1,0,1,0,1,1
U004,2026-08-13,7.25,2.98,5.0,5394,2.8,0,83.8,67.4,138.4,77.7,84.0,36.34,1687,81.8,75.0,1,0,0,0,0,1
U004,2026-08-14,7.43,2.59,3.3,5549,2.2,0,82.9,66.3,140.6,78.4,83.9,36.96,1886,80.3,91.7,0,0,0,0,0,1
U004,2026-08-15,6.72,1.88,6.3,6328,2.4,0,87.3,69.7,144.4,83.0,83.7,36.4,1800,65.6,58.2,1,0,0,1,1,1
U004,2026-08-16,7.23,2.11,8.6,6837,2.1,0,90.2,72.0,143.0,77.5,84.0,36.67,1603,70.9,54.2,1,0,0,1,1,1
U004,2026-08-17,6.74,2.9,7.7,6639,1.3,0,90.2,72.2,157.2,84.5,84.2,37.11,1992,67.9,58.8,1,0,0,1,1,1
U004,2026-08-18,6.23,2.13,8.4,7436,2.6,0,88.9,70.0,146.4,76.9,84.5,36.62,1851,66.4,37.2,1,0,0,1,1,1
U004,2026-08-19,5.52,1.94,7.6,8298,2.4,1,90.5,70.5,133.8,72.2,84.0,36.38,2122,53.9,34.7,1,1,1,1,1,0
U004,2026-08-20,4.57,2.13,4.9,8794,2.1,0,97.1,76.6,128.9,73.1,84.2,36.95,2288,56.4,17.2,1,0,1,0,1,0
U004,2026-08-21,5.2,2.06,4.4,6360,1.1,0,88.7,71.0,132.7,72.8,84.1,37.11,1868,64.6,30.8,1,0,1,0,1,0
U004,2026-08-22,6.06,1.64,4.7,6237,3.0,1,86.8,69.3,143.8,80.5,83.5,36.68,1676,72.4,49.4,1,1,0,0,1,1
U004,2026-08-23,6.35,2.23,4.2,8481,2.9,1,92.1,71.9,137.8,76.7,84.1,36.55,2078,63.1,64.7,1,0,1,0,0,1
U004,2026-08-24,6.24,3.07,4.1,9135,1.8,0,90.5,69.5,137.7,75.0,84.3,36.83,1885,81.8,57.0,1,0,0,0,1,1
U004,2026-08-25,5.71,2.72,4.2,5927,2.9,1,89.6,72.5,146.9,80.1,83.8,36.92,1960,61.3,46.9,1,0,1,0,1,1
U004,2026-08-26,6.76,2.07,4.4,7011,1.8,0,91.6,73.2,134.1,76.4,84.0,36.52,1781,70.5,68.0,0,0,0,0,0,0
U004,2026-08-27,5.7,1.42,4.6,3922,1.2,0,86.8,72.1,130.0,76.0,84.0,36.32,1834,76.0,47.4,1,1,0,0,1,0
U004,2026-08-28,6.9,1.76,3.2,5534,1.0,0,84.6,68.0,142.5,78.5,83.7,36.6,1642,87.0,65.2,0,1,0,0,0,1
U004,2026-08-29,6.06,2.3,2.7,9225,0.0,0,89.6,68.5,134.7,75.0,83.7,36.54,1776,72.3,56.4,0,0,0,0,1,0
U004,2026-08-30,5.77,2.37,1.6,6635,1.9,1,84.5,66.5,138.2,77.2,84.1,36.59,2121,80.3,60.5,1,0,0,0,0,1
U004,2026-08-31,4.97,2.22,4.0,5516,0.2,0,89.8,73.2,127.6,77.3,84.1,36.64,1983,57.2,31.8,1,0,1,0,1,0
U004,2026-09-01,5.34,1.9,1.3,7449,0.3,0,90.1,71.1,132.3,79.6,84.5,36.92,1934,71.7,51.8,1,1,0,0,1,0
U004,2026-09-02,6.86,1.5,4.1,4819,0.0,0,83.5,67.7,140.4,80.9,84.1,36.65,1761,81.7,63.0,1,1,0,0,0,1
U004,2026-09-03,7.37,2.03,6.3,4923,1.2,0,87.1,71.2,145.4,83.3,84.1,37.12,2040,76.9,74.7,0,0,0,1,0,1
U004,2026-09-04,8.08,2.39,5.5,6891,1.6,0,88.4,70.1,139.4,78.5,83.9,36.55,1878,74.8,69.5,0,0,0,0,0,1
U004,2026-09-05,8.11,1.61,1.6,5957,1.6,0,82.0,64.8,129.2,79.4,83.8,36.8,1805,92.6,85.0,0,1,0,0,0,0
U004,2026-09-06,6.69,2.4,2.1,6110,0.9,0,82.7,65.4,130.6,75.1,84.4,36.89,2295,68.3,76.2,1,0,0,0,0,0
U004,2026-09-07,6.53,2.47,2.9,7715,0.5,0,89.1,69.8,132.5,78.4,83.8,36.68,1927,74.2,70.7,0,0,0,0,0,0
U004,2026-09-08,6.03,2.84,2.1,8014,2.0,0,84.3,64.7,125.1,69.2,84.4,36.72,1992,65.3,65.9,1,0,0,0,0,0
U004,2026-09-09,7.59,1.97,2.2,7923,1.5,0,88.2,68.7,136.5,78.1,84.5,36.31,2168,95.2,77.3,0,0,0,0,0,0
U004,2026-09-10,6.3,1.44,5.2,6933,2.1,0,86.1,67.8,132.6,74.8,83.9,36.59,1907,65.3,41.3,1,1,0,1,1,0
U004,2026-09-11,7.37,1.6,6.1,7543,1.2,0,91.7,72.6,124.5,69.5,84.1,36.73,1904,79.0,61.9,0,1,0,1,0,0
U004,2026-09-12,8.01,1.96,4.5,7078,1.9,0,85.6,67.1,135.9,76.7,84.4,36.4,1863,71.8,82.1,0,1,0,0,0,0
U004,2026-09-13,9.0,2.7,2.3,7753,3.2,0,83.4,64.1,131.1,78.7,83.5,36.28,2022,92.9,85.1,0,0,0,0,0,0
U004,2026-09-14,7.97,2.7,2.7,6601,2.9,0,80.9,62.9,132.7,76.0,83.8,36.61,1955,86.3,88.6,0,0,0,0,0,0
U004,2026-09-15,8.21,2.32,3.1,6516,1.9,1,88.4,70.5,138.1,81.2,84.4,36.78,1847,81.3,85.1,0,0,0,0,0,1
U004,2026-09-16,9.0,1.78,4.4,5214,2.2,0,85.5,69.2,138.1,79.7,83.3,36.38,1825,73.7,77.6,0,1,0,0,0,1
U004,2026-09-17,8.1,2.36,3.8,6052,1.8,0,85.0,67.7,143.7,81.5,83.7,36.88,1931,84.3,84.8,0,0,0,0,0,1
U004,2026-09-18,6.31,1.83,4.9,5262,2.0,0,84.8,68.5,137.0,78.7,83.9,36.33,1848,66.6,51.7,0,1,0,0,1,0
U004,2026-09-19,4.93,2.55,7.7,4394,1.7,0,88.6,73.3,140.7,79.2,83.7,36.48,1801,52.4,24.4,1,0,1,1,1,1
U005,2026-04-23,5.95,2.13,4.0,7543,1.2,0,81.1,62.1,127.2,70.5,57.2,36.87,1879,57.6,66.2,1,0,1,0,0,0
U005,2026-04-24,7.3,1.36,4.6,5871,1.8,0,78.8,61.7,133.6,70.4,57.0,36.52,1986,91.8,89.8,0,1,0,0,0,1
U005,2026-04-25,7.68,0.8,2.3,5675,2.6,0,77.0,60.1,122.5,71.1,57.1,36.52,1938,88.3,74.9,0,1,0,0,0,0
U005,2026-04-26,6.79,1.53,2.3,8012,0.6,0,84.5,64.9,126.9,68.8,56.8,36.9,2234,73.1,73.2,0,0,0,0,0,0
U005,2026-04-27,5.52,1.72,1.6,8280,2.0,0,82.1,62.2,127.6,69.9,57.0,36.79,1855,69.8,53.2,1,1,0,0,1,0
U005,2026-04-28,5.98,2.3,2.8,10874,1.0,0,89.3,66.3,118.5,75.0,57.5,36.84,2029,64.6,66.1,1,0,1,0,0,0
U005,2026-04-29,6.0,1.63,4.9,10777,2.5,1,87.5,64.5,125.7,69.9,57.5,36.82,1997,56.8,53.8,1,0,1,0,1,0
U005,2026-04-30,6.5,1.99,5.8,10672,1.2,0,84.1,61.3,130.9,67.9,57.1,36.53,1875,76.7,65.6,1,0,0,0,0,0
U005,2026-05-01,6.38,2.74,2.2,6672,2.4,0,81.1,63.1,130.0,79.9,56.9,36.9,1979,79.5,71.7,0,0,0,0,0,0
U005,2026-05-02,4.86,2.61,6.0,8027,3.2,0,86.8,67.1,130.3,76.6,57.3,36.59,2035,47.5,36.7,1,0,1,0,1,0
U005,2026-05-03,5.37,2.48,6.1,7430,3.2,1,83.8,64.9,125.9,78.1,57.0,36.47,2215,62.2,52.0,1,0,1,0,1,0
U005,2026-05-04,5.76,2.29,4.7,6356,2.6,0,81.9,64.3,138.4,73.5,57.4,36.45,1872,64.4,68.2,1,0,1,0,0,1
U005,2026-05-05,6.81,1.55,5.0,6940,2.0,0,79.0,60.6,136.8,80.5,56.6,36.47,1694,73.2,63.9,1,1,0,0,0,1
U005,2026-05-06,6.27,2.27,5.2,8443,1.4,0,82.9,62.7,132.0,74.1,57.2,36.29,2208,70.4,62.3,1,0,0,0,0,0
U005,2026-05-07,8.04,1.92,4.2,8502,3.2,0,80.9,60.7,135.2,76.1,57.3,36.52,2035,83.9,91.1,0,1,0,0,0,1
U005,2026-05-08,5.94,2.15,4.7,6381,1.7,0,80.8,63.2,128.5,70.7,56.9,36.57,1736,66.5,60.8,1,0,0,0,0,0
U005,2026-05-09,7.52,1.47,3.9,7848,0.9,0,85.5,66.1,131.5,75.9,57.0,36.64,2091,92.4,74.0,0,1,0,0,0,0
U005,2026-05-10,7.11,1.21,3.7,6430,2.3,0,77.3,59.6,130.1,74.6,56.9,36.75,1880,80.8,72.1,1,1,0,0,0,0
U005,2026-05-11,7.82,2.1,3.1,7052,1.3,0,78.7,60.2,129.1,73.3,57.1,36.34,1854,70.2,76.7,0,0,0,0,0,0
U005,2026-05-12,7.57,1.92,1.6,6553,0.9,0,77.8,59.9,118.7,75.2,57.1,36.54,1967,100.0,96.0,0,0,0,0,0,0
U005,2026-05-13,8.34,2.53,2.8,6435,0.3,0,77.2,59.5,124.8,68.2,56.7,36.75,1758,95.3,93.2,0,0,0,0,0,0
U005,2026-05-14,7.46,2.29,4.3,7912,1.0,0,80.2,60.8,126.7,73.6,57.1,36.57,1801,73.7,88.4,0,0,0,0,0,0
U005,2026-05-15,6.31,1.44,5.3,5834,1.6,0,80.9,63.9,133.7,72.7,57.1,36.36,1708,65.9,51.9,1,1,0,0,1,1
U005,2026-05-16,7.84,2.02,6.4,9449,2.1,0,81.5,60.1,125.3,76.8,57.1,36.61,2374,73.6,86.1,0,0,0,0,0,0
U005,2026-05-17,7.4,1.78,6.4,5385,2.9,1,80.9,64.4,128.8,76.1,57.0,36.34,2053,88.1,71.4,0,0,0,0,0,0
U005,2026-05-18,7.44,2.14,5.2,5261,2.8,0,75.8,59.5,129.4,77.4,57.2,36.32,1959,78.2,81.7,0,0,0,0,0,0
U005,2026-05-19,8.35,2.1,6.4,6707,2.1,0,81.3,63.3,131.6,79.4,56.8,36.2,1818,75.4,80.9,0,0,0,0,0,0
U005,2026-05-20,6.9,1.44,4.0,7764,1.8,0,82.4,63.0,128.3,77.5,57.6,36.79,2055,88.5,76.3,1,1,0,0,0,0
U005,2026-05-21,7.46,1.73,3.0,7225,2.4,0,79.1,60.5,127.3,72.4,57.0,36.69,2144,87.5,84.2,0,0,0,0,0,0
U005,2026-05-22,6.76,2.72,2.2,7023,3.3,0,80.4,61.9,135.2,72.8,57.0,36.89,1636,90.2,87.0,0,0,0,0,0,1
U005,2026-05-23,6.74,2.63,4.6,7651,2.5,0,83.2,64.1,132.0,81.2,56.8,36.68,1777,62.9,83.9,0,0,1,0,0,0
U005,2026-05-24,6.91,2.35,6.1,6965,1.7,0,83.5,65.1,126.4,69.5,57.4,36.54,1757,69.7,77.2,0,0,0,0,0,0
U005,2026-05-25,5.62,2.64,6.4,9154,1.0,0,86.8,65.8,131.3,70.6,56.6,36.28,1962,54.2,47.8,1,0,1,0,1,0
U005,2026-05-26,5.49,2.47,7.5,9385,0.3,1,87.5,66.2,121.8,69.6,57.2,36.44,2037,54.9,44.6,1,0,1,1,1,0
U005,2026-05-27,7.28,2.37,5.5,9553,2.1,0,84.5,63.0,135.7,74.9,57.0,36.7,2003,82.0,83.8,1,0,0,0,0,1
U005,2026-05-28,7.95,1.78,5.9,6770,2.6,0,84.2,66.1,131.2,73.7,56.7,36.63,2077,75.2,76.4,0,0,0,0,0,0
U005,2026-05-29,7.51,1.96,5.4,6761,2.7,1,76.2,58.1,140.5,77.2,57.2,36.95,1983,79.6,88.3,0,0,0,0,0,1
U005,2026-05-30,7.52,2.39,6.5,6412,2.1,1,84.7,67.0,135.2,71.1,56.9,36.73,1851,93.5,82.4,1,0,0,0,0,1
U005,2026-05-31,7.05,1.9,5.9,5138,3.4,0,82.7,66.5,134.2,78.9,57.0,36.61,2008,58.5,75.1,0,0,1,0,0,1
U005,2026-06-01,8.23,2.51,5.1,6630,1.9,0,75.6,57.6,131.9,74.2,57.4,36.77,1885,75.5,90.2,0,0,0,0,0,0
U005,2026-06-02,7.56,2.27,5.8,5977,2.9,0,78.4,61.3,128.0,76.3,57.2,36.85,1673,77.3,81.7,0,0,0,0,0,0
U005,2026-06-03,7.54,1.81,6.8,7510,2.2,0,82.2,63.2,130.3,75.8,57.1,36.68,1990,84.4,74.1,0,1,0,0,0,0
U005,2026-06-04,8.33,2.28,5.3,5586,1.5,0,80.2,63.5,131.4,72.1,57.1,36.37,1797,87.3,93.9,0,0,0,0,0,0
U005,2026-06-05,7.12,2.06,5.1,8973,2.4,0,80.7,59.9,132.7,76.0,56.9,36.45,1923,65.9,81.9,0,0,0,0,0,1
U005,2026-06-06,8.44,2.34,3.6,6589,2.5,0,79.2,61.3,129.0,73.5,58.1,36.68,1690,80.3,90.1,1,0,0,0,0,0
U005,2026-06-07,6.52,2.09,1.0,7136,2.5,0,81.1,62.6,121.0,73.8,57.2,36.51,2013,76.0,76.7,1,0,0,0,0,0
U005,2026-06-08,8.14,2.03,2.1,8302,2.2,0,82.6,62.7,126.9,78.7,57.1,36.64,1911,91.5,94.6,0,0,0,0,0,0
U005,2026-06-09,7.36,2.21,3.8,6761,2.0,0,80.3,62.2,127.8,76.0,57.1,36.53,1831,85.8,89.7,0,0,0,0,0,0
U005,2026-06-10,7.0,2.24,4.6,8209,4.3,0,85.5,65.7,138.9,79.2,57.0,36.65,2000,71.1,83.6,0,0,0,0,0,1
U005,2026-06-11,5.34,1.35,1.9,5688,3.8,0,81.2,64.3,125.3,74.9,56.8,36.46,2044,54.4,45.2,1,1,1,0,1,0
U005,2026-06-12,5.6,1.16,2.3,8608,3.2,1,82.2,61.9,127.0,70.3,56.9,36.44,2181,68.1,54.2,1,1,0,0,1,0
U005,2026-06-13,5.25,1.87,1.0,7826,2.5,0,83.6,64.2,122.0,71.6,56.6,36.29,1896,61.4,48.0,1,0,1,0,1,0
U005,2026-06-14,5.41,1.87,3.4,6483,3.1,1,81.6,63.8,124.6,74.4,56.7,36.71,1751,58.6,54.0,1,0,1,0,1,0
U005,2026-06-15,5.93,1.71,2.4,6275,2.8,0,82.0,64.5,125.7,76.1,57.1,36.97,1839,60.6,57.8,1,1,1,0,1,0
U005,2026-06-16,7.2,1.28,4.9,7898,2.3,0,84.2,64.7,124.6,73.7,57.4,36.5,1810,63.2,68.7,1,1,1,0,0,0
U005,2026-06-17,7.3,1.14,6.3,6538,1.8,0,80.1,62.3,125.2,72.4,56.8,36.61,2072,77.2,70.0,1,1,0,0,0,0
U005,2026-06-18,7.45,0.8,4.6,5600,1.9,0,80.9,64.2,126.3,74.8,57.3,36.73,1633,84.0,72.0,0,1,0,0,0,0
U005,2026-06-19,6.31,1.16,3.1,5955,0.0,0,80.6,63.5,118.9,68.5,57.0,36.85,1874,88.7,59.7,0,1,0,0,1,0
U005,2026-06-20,5.81,1.26,4.2,4642,1.3,0,76.4,60.8,129.8,73.2,57.0,36.68,1680,74.6,47.4,1,1,0,0,1,0
U005,2026-06-21,7.87,1.17,3.2,8659,1.3,0,81.9,61.5,124.9,71.8,57.1,36.59,1924,86.3,82.8,0,1,0,0,0,0
U005,2026-06-22,6.87,1.47,3.9,6946,3.3,1,81.3,62.9,120.7,68.8,56.9,36.6,1730,72.0,68.2,1,1,0,0,0,0
U005,2026-06-23,8.38,1.83,3.5,8269,2.4,0,80.7,60.8,123.3,71.1,57.5,36.73,1904,67.8,82.8,0,1,0,0,0,0
U005,2026-06-24,7.62,2.74,1.4,7961,1.0,0,77.3,57.7,129.4,74.5,57.6,36.4,1885,100.0,95.0,0,0,0,0,0,0
U005,2026-06-25,7.37,1.84,1.0,5945,1.6,0,74.8,57.6,118.0,71.9,57.0,36.71,1961,87.2,92.0,0,0,0,0,0,0
U005,2026-06-26,8.16,2.37,1.3,6463,0.9,0,80.2,62.5,122.9,65.4,56.7,36.73,1806,90.9,98.1,0,0,0,0,0,0
U005,2026-06-27,8.82,2.61,1.6,7953,2.1,0,78.6,59.1,123.2,75.6,57.3,36.74,2049,87.4,96.8,0,0,0,0,0,0
U005,2026-06-28,7.99,2.05,1.9,7183,2.3,0,76.0,57.4,121.8,70.8,57.1,36.44,1935,82.2,88.9,0,0,0,0,0,0
U005,2026-06-29,7.25,2.11,3.8,8951,3.0,0,81.6,60.8,134.7,75.8,57.1,36.45,2060,82.8,87.0,0,0,0,0,0,1
U005,2026-06-30,7.1,1.88,5.8,9568,1.5,0,82.0,60.5,129.1,75.9,56.6,36.42,2451,81.4,72.6,0,1,0,0,0,0
U005,2026-07-01,7.36,2.01,5.2,9716,1.9,0,83.6,61.9,119.6,68.8,57.4,36.25,1839,62.6,85.0,0,0,1,0,0,0
U005,2026-07-02,8.0,2.61,4.6,7641,0.7,0,80.6,61.4,122.8,70.9,57.2,36.31,2018,76.8,90.7,0,0,0,0,0,0
U005,2026-07-03,7.6,2.61,5.5,5637,2.3,0,78.6,61.8,129.1,77.3,56.4,36.82,1870,75.1,94.3,1,0,0,0,0,0
U005,2026-07-04,7.91,2.57,3.4,5362,2.6,0,76.0,59.6,134.1,73.5,57.2,36.85,2011,80.5,94.9,0,0,0,0,0,1
U005,2026-07-05,8.99,2.17,4.2,6487,2.6,0,79.4,61.6,117.4,66.4,56.9,36.47,1884,86.0,82.5,0,0,0,0,0,0
U005,2026-07-06,8.53,1.51,5.2,7594,2.2,0,82.1,63.0,128.7,77.2,57.1,36.76,1971,75.4,82.0,0,1,0,0,0,0
U005,2026-07-07,8.19,1.62,6.1,3912,2.5,1,78.3,63.6,127.7,71.7,56.9,36.79,1757,85.1,83.6,0,1,0,0,0,0
U005,2026-07-08,6.38,2.26,3.0,5443,3.7,0,79.2,62.6,114.3,67.4,56.7,36.56,1656,71.3,75.2,1,0,0,0,0,0
U005,2026-07-09,4.31,1.54,2.5,6468,2.2,0,79.0,61.3,121.2,75.7,56.4,36.49,1883,48.9,31.0,1,0,1,0,1,0
U005,2026-07-10,5.73,1.3,2.0,6301,2.2,0,80.7,63.1,122.5,66.1,57.2,36.63,2028,62.3,50.6,1,1,1,0,1,0
U005,2026-07-11,6.15,1.63,3.1,8663,1.0,0,82.9,62.5,129.4,73.8,57.2,36.5,2213,74.6,55.3,0,1,0,0,1,0
U005,2026-07-12,6.04,1.39,4.3,8489,0.9,0,83.0,62.8,128.7,75.8,57.2,36.69,2450,78.9,54.1,1,1,0,0,1,0
U005,2026-07-13,6.64,1.31,6.7,9787,1.8,1,86.8,65.1,124.0,71.6,57.6,36.66,2007,62.7,58.4,1,1,1,0,1,0
U005,2026-07-14,6.73,1.42,5.5,8056,3.0,1,84.7,65.0,133.4,76.6,57.0,36.91,1891,73.6,66.5,1,1,0,0,0,1
U005,2026-07-15,7.83,1.11,4.6,8989,2.0,0,83.4,62.6,130.6,72.9,57.2,36.85,2088,77.0,76.9,0,1,0,0,0,0
U005,2026-07-16,7.57,1.07,6.4,10543,1.8,0,80.5,57.8,133.4,74.1,57.5,36.6,2237,81.3,74.2,0,1,0,0,0,1
U005,2026-07-17,6.69,1.73,6.4,10816,1.5,0,89.0,66.0,133.0,70.3,57.7,36.41,2259,77.0,63.9,1,1,0,0,0,1
U005,2026-07-18,7.68,1.31,7.8,7205,1.4,1,82.8,64.2,128.9,74.0,57.2,36.3,2052,68.8,73.4,0,1,0,0,0,0
U005,2026-07-19,7.22,0.95,7.4,6707,2.1,0,82.1,64.1,129.0,76.3,57.0,36.84,1823,71.9,59.9,1,1,0,0,1,0
U005,2026-07-20,7.59,1.12,5.0,6315,0.6,0,76.6,59.0,123.5,76.0,57.0,36.67,1759,88.8,76.6,1,1,0,0,0,0
U005,2026-07-21,6.94,1.76,3.1,7420,2.8,0,80.6,61.7,129.7,69.3,56.9,36.79,1927,75.9,76.9,0,0,0,0,0,0
U005,2026-07-22,6.39,1.78,1.4,8280,1.6,1,84.9,64.9,127.9,72.5,57.2,36.85,1642,78.2,70.7,1,0,0,0,0,0
U005,2026-07-23,6.71,1.68,3.5,6332,2.6,0,82.6,65.0,127.6,67.9,56.9,36.38,1823,56.1,64.9,0,1,1,0,0,0
U005,2026-07-24,6.84,1.83,5.6,6771,1.0,0,81.6,63.5,129.3,71.9,57.1,36.46,2044,79.9,68.6,0,0,0,0,0,0
U005,2026-07-25,7.32,1.2,8.1,3737,2.3,1,83.2,68.7,133.7,79.6,56.9,36.52,1656,78.4,65.4,0,1,0,0,0,1
U005,2026-07-26,6.96,1.72,8.4,7616,2.7,0,83.7,64.5,136.3,76.5,57.2,36.44,1980,55.7,62.7,0,1,1,0,0,1
U005,2026-07-27,5.36,1.98,9.0,6509,2.6,1,84.6,66.8,128.4,76.1,57.3,36.5,1859,53.2,43.4,1,1,1,0,1,0
U005,2026-07-28,5.63,1.83,7.0,6841,1.2,0,79.4,61.2,128.4,74.2,56.9,36.81,2130,55.6,55.3,1,0,1,0,1,0
U005,2026-07-29,6.88,2.3,4.7,6438,2.0,0,79.1,61.4,125.1,69.1,57.1,36.71,1580,82.6,83.7,1,0,0,0,0,0
U005,2026-07-30,6.67,1.73,6.0,8505,0.9,1,83.5,63.3,136.5,76.3,56.8,36.41,2209,81.0,69.9,0,1,0,0,0,1
U005,2026-07-31,6.58,2.29,6.3,3329,1.4,0,76.3,62.3,134.8,75.0,57.2,36.11,1716,69.3,71.9,0,0,0,0,0,1
U005,2026-08-01,7.62,2.23,6.1,5138,2.8,0,80.7,64.5,134.5,72.3,57.2,36.54,1910,70.2,82.8,0,0,0,0,0,1
U005,2026-08-02,6.74,2.01,6.3,5904,3.0,0,81.6,64.5,129.1,68.4,57.1,36.71,1649,68.8,65.3,0,0,0,0,0,0
U005,2026-08-03,5.49,2.0,6.4,5745,2.3,1,83.2,66.3,130.6,78.4,57.9,36.38,1849,52.2,45.9,1,0,1,0,1,0
U005,2026-08-04,5.95,1.95,7.8,9063,1.2,0,87.7,66.8,132.1,74.7,57.3,36.53,1955,58.8,50.6,1,1,1,0,1,0
U005,2026-08-05,5.95,2.46,8.8,6648,2.4,1,83.8,65.9,125.8,72.4,57.5,36.43,1984,53.1,57.9,1,0,1,0,1,0
U005,2026-08-06,5.52,1.85,8.4,8027,2.1,0,88.7,69.0,132.0,71.1,57.2,36.69,1821,44.0,45.9,1,1,1,0,1,0
U005,2026-08-07,5.96,1.6,8.6,8069,0.0,1,84.4,64.7,133.4,73.9,57.1,36.8,1986,44.4,49.9,1,1,1,1,1,1
U005,2026-08-08,6.81,2.18,8.3,9501,2.1,0,89.8,68.4,127.3,73.4,57.7,36.66,2110,70.6,67.6,1,0,0,1,0,0
U005,2026-08-09,6.88,1.87,6.6,7210,2.0,0,85.1,66.4,124.7,68.6,57.0,36.45,2062,78.5,71.9,0,0,0,0,0,0
U005,2026-08-10,7.2,2.28,7.2,5962,3.1,0,83.1,66.0,135.8,77.9,56.6,36.52,1757,62.1,81.2,1,0,1,1,0,1
U005,2026-08-11,8.71,2.85,4.6,8189,1.3,0,82.0,62.2,127.6,72.9,56.7,36.59,1944,89.4,84.1,0,0,0,0,0,0
U005,2026-08-12,7.73,2.35,6.2,8257,0.0,0,81.2,61.3,131.6,74.9,57.3,36.52,2049,89.0,85.0,0,0,0,0,0,0
U005,2026-08-13,7.68,2.48,4.1,5220,1.3,0,76.2,59.9,130.8,73.1,56.9,36.32,1627,89.3,91.0,0,0,0,0,0,0
U005,2026-08-14,6.96,1.83,4.8,5269,2.1,0,80.3,64.0,128.9,72.6,57.3,36.56,2143,72.9,72.7,1,0,0,0,0,0
U005,2026-08-15,6.23,2.2,3.7,6737,0.4,1,80.1,62.0,129.4,77.5,56.8,36.09,1992,69.7,64.9,1,0,0,0,0,0
U005,2026-08-16,6.02,2.2,4.8,8174,0.6,0,83.4,63.5,125.9,67.9,57.8,36.6,2135,61.3,59.9,1,0,1,0,1,0
U005,2026-08-17,5.99,2.31,4.8,6528,4.2,0,80.3,62.5,123.7,71.0,56.9,36.27,2028,50.8,61.8,1,0,1,0,0,0
U005,2026-08-18,6.71,1.93,2.6,2221,2.4,0,72.9,60.2,132.5,73.3,57.3,36.75,1730,73.1,78.8,1,0,0,0,0,0
U005,2026-08-19,8.89,1.29,3.9,5426,2.8,0,77.6,61.1,121.8,73.2,57.1,36.66,1785,81.9,80.0,0,1,0,0,0,0
U005,2026-08-20,7.51,1.78,3.4,4310,1.6,0,72.9,57.8,126.0,74.0,56.8,36.89,1654,89.1,87.1,0,0,0,0,0,0
U005,2026-08-21,6.94,1.04,5.2,2510,0.0,0,75.7,62.7,129.3,71.8,57.6,36.57,1972,88.0,66.9,0,1,0,0,0,0
U005,2026-08-22,6.91,1.3,5.1,1000,1.2,0,73.0,61.8,131.7,76.6,57.1,36.59,1635,69.5,69.8,0,1,0,0,0,0
U005,2026-08-23,7.29,1.95,5.6,4938,1.5,1,78.6,62.6,127.0,73.8,57.7,36.34,1886,74.6,94.3,0,0,0,0,0,0
U005,2026-08-24,7.41,2.05,4.1,6169,1.5,0,79.6,62.2,129.0,77.8,56.9,36.56,1625,90.1,85.4,0,0,0,0,0,0
U005,2026-08-25,8.37,2.81,3.5,6233,1.7,0,79.4,62.0,118.5,70.6,57.6,36.45,2105,77.2,87.8,0,0,0,0,0,0
U005,2026-08-26,5.69,2.9,3.3,8781,2.2,0,81.2,60.6,131.2,73.5,57.1,36.71,2041,58.5,62.8,1,0,1,0,0,0
U005,2026-08-27,4.11,2.28,5.0,8884,1.9,0,88.6,68.0,129.9,77.0,56.9,36.63,2113,34.1,26.5,1,0,1,0,1,0
U005,2026-08-28,4.83,2.18,7.4,10461,0.8,0,85.8,63.3,127.1,74.5,57.4,36.64,2154,31.8,29.8,1,0,1,0,1,0
U005,2026-08-29,6.66,2.09,5.5,6559,2.1,0,80.9,63.0,130.2,72.7,57.5,36.71,1944,78.1,78.8,1,0,0,0,0,0
U005,2026-08-30,5.42,1.42,6.9,6726,0.2,0,83.1,65.0,130.4,71.4,57.2,37.03,1772,61.7,45.8,1,1,1,0,1,0
U005,2026-08-31,4.0,1.28,3.2,4342,0.0,0,80.9,65.7,131.2,76.8,57.0,36.59,1951,65.0,16.4,1,1,1,0,1,0
U005,2026-09-01,5.35,1.34,2.1,5313,2.0,0,80.9,64.5,128.2,72.6,56.9,36.56,1759,70.4,67.8,1,1,0,0,0,0
U005,2026-09-02,6.22,0.8,1.6,5769,2.5,0,78.6,61.7,135.0,80.2,57.3,36.81,1496,71.8,53.1,1,1,0,0,1,1
U005,2026-09-03,5.57,1.29,1.0,7361,2.1,1,79.4,60.6,124.4,74.6,56.8,36.33,2045,64.5,49.5,1,1,1,0,1,0
U005,2026-09-04,5.28,1.48,1.0,7251,0.7,0,81.8,63.1,127.4,71.9,57.3,36.46,1804,62.4,57.1,1,1,1,0,1,0
U005,2026-09-05,5.11,1.02,1.9,8097,0.9,1,82.8,63.0,117.6,66.9,57.5,36.71,2123,67.0,43.8,1,1,0,0,1,0
U005,2026-09-06,5.96,1.57,2.5,8645,1.4,0,84.0,63.6,130.3,70.8,57.2,36.56,1879,69.5,59.9,1,1,0,0,1,0
U005,2026-09-07,5.83,2.03,3.8,11181,0.3,0,89.3,65.9,126.9,70.3,57.6,36.37,2209,67.3,50.7,1,0,0,0,1,0
U005,2026-09-08,6.73,2.11,5.1,8599,0.8,0,88.0,67.6,132.7,75.4,57.0,36.58,2060,67.9,66.8,1,0,0,0,0,0
U005,2026-09-09,4.33,1.94,5.5,6332,2.3,1,82.0,64.4,126.5,72.7,57.3,36.57,1703,43.4,36.6,1,0,1,0,1,0
U005,2026-09-10,4.64,2.2,6.3,7050,3.4,1,89.0,70.5,127.1,75.4,57.4,36.47,1942,45.3,36.9,1,0,1,0,1,0
U005,2026-09-11,4.59,2.39,5.8,5774,2.0,1,81.1,64.1,124.7,72.6,57.0,36.38,1871,49.6,25.6,1,0,1,0,1,0
U005,2026-09-12,5.33,2.36,3.9,8697,2.7,0,83.1,62.6,135.2,76.5,56.8,36.38,2117,57.0,54.8,1,0,1,0,1,1
U005,2026-09-13,5.53,1.88,5.7,7407,0.4,1,85.3,66.4,121.1,69.2,56.7,36.47,1949,55.7,57.1,1,0,1,0,1,0
U005,2026-09-14,6.82,2.04,4.7,6321,2.1,0,81.4,63.8,128.3,74.6,57.2,36.64,1708,74.4,74.6,1,0,0,0,0,0
U005,2026-09-15,5.25,2.5,3.4,5926,1.3,0,79.3,62.2,128.2,78.2,57.1,36.47,1842,61.8,49.4,1,0,1,0,1,0
U005,2026-09-16,5.99,2.06,3.6,7583,2.1,0,81.4,62.3,134.2,75.5,56.6,36.65,1934,67.9,65.9,1,0,0,0,0,1
U005,2026-09-17,6.89,2.88,2.7,7045,1.8,0,80.2,61.7,126.4,73.9,57.2,37.15,2009,87.3,76.9,0,0,0,0,0,0
U005,2026-09-18,8.57,2.32,2.8,6022,3.2,0,80.2,63.0,126.9,70.4,57.0,36.56,1980,81.1,97.2,0,0,0,0,0,0
U005,2026-09-19,7.52,2.2,4.0,9107,1.5,0,84.1,63.2,122.1,73.8,57.1,36.72,1879,80.1,93.3,0,0,0,0,0,0
U006,2026-04-23,5.4,1.96,4.0,9633,2.1,0,92.4,70.8,121.0,69.5,67.1,36.7,1821,57.1,45.1,1,0,1,1,1,0
U006,2026-04-24,5.42,1.64,4.5,10919,0.4,0,95.6,72.5,118.5,70.2,67.6,36.7,1726,54.6,34.6,1,1,1,1,1,0
U006,2026-04-25,4.83,2.08,4.8,10867,1.8,0,99.3,76.3,126.5,75.3,67.4,36.65,1973,51.6,17.2,1,0,1,1,1,1
U006,2026-04-26,7.19,2.31,5.1,8625,0.9,0,91.2,70.9,117.3,76.4,67.5,36.29,2214,93.0,75.8,1,0,0,1,0,0
U006,2026-04-27,7.02,2.58,3.0,7243,3.3,1,89.0,70.3,121.5,67.6,67.2,36.31,1962,73.6,66.6,0,0,0,0,0,1
U006,2026-04-28,6.71,2.34,4.8,4516,2.9,1,84.4,69.0,129.7,70.6,67.5,36.44,1758,66.4,48.8,0,0,0,1,1,1
U006,2026-04-29,7.61,1.96,5.2,8931,1.9,0,91.3,70.5,122.4,72.3,67.6,36.51,2021,80.7,67.3,0,0,0,1,0,1
U006,2026-04-30,6.38,1.36,6.2,8697,1.3,0,94.2,73.8,125.7,75.6,67.5,36.89,1874,56.9,36.8,1,1,1,1,1,1
U006,2026-05-01,5.95,1.94,3.1,7081,1.7,0,87.7,69.2,121.2,71.7,67.4,36.37,1991,77.7,56.0,1,0,0,0,1,0
U006,2026-05-02,6.43,2.13,4.1,9111,2.5,0,89.7,68.8,119.8,72.1,67.7,36.64,2122,63.2,62.7,1,0,1,0,0,0
U006,2026-05-03,7.56,1.69,2.7,6539,2.1,0,85.2,67.4,110.8,70.2,67.7,36.54,2035,84.9,84.6,0,0,0,0,0,0
U006,2026-05-04,7.78,1.6,2.8,7403,1.8,0,85.8,66.9,124.1,73.5,67.7,36.61,1952,87.5,77.4,0,1,0,0,0,1
U006,2026-05-05,7.69,1.57,4.2,6932,2.0,1,89.9,71.6,128.7,74.2,67.7,36.38,2058,83.9,68.0,0,1,0,1,0,1
U006,2026-05-06,7.48,1.15,4.6,7961,1.4,0,87.8,68.2,117.8,73.9,67.7,36.33,2260,91.6,66.2,0,1,0,1,0,0
U006,2026-05-07,7.64,1.16,3.5,7381,1.5,0,88.7,69.8,117.7,66.7,67.2,36.68,1852,88.0,69.8,0,1,0,0,0,0
U006,2026-05-08,7.56,1.04,4.0,4929,0.0,0,84.2,68.3,112.5,67.1,67.7,36.68,1745,91.3,70.3,0,1,0,1,0,0
U006,2026-05-09,6.43,1.26,2.1,6082,2.3,0,86.2,68.9,125.5,73.4,67.4,36.62,1903,64.6,61.7,1,1,1,0,0,1
U006,2026-05-10,6.7,1.26,4.6,8176,2.4,0,91.6,71.8,124.7,76.3,68.1,36.69,2071,71.5,50.5,0,1,0,1,1,1
U006,2026-05-11,5.87,0.91,4.4,7542,1.4,0,88.8,69.7,121.1,74.1,67.3,36.31,1770,77.5,42.6,1,1,0,1,1,0
U006,2026-05-12,6.4,2.15,6.2,8479,3.6,0,91.3,71.1,128.6,69.5,67.3,36.79,1696,63.1,45.8,0,0,1,1,1,1
U006,2026-05-13,6.21,2.59,5.1,6109,2.6,0,83.9,66.6,125.8,73.2,68.0,36.54,1867,67.8,47.7,1,0,0,1,1,1
U006,2026-05-14,8.76,2.04,4.3,6514,1.2,1,91.0,73.2,120.8,72.7,67.3,36.67,2197,87.9,79.4,0,0,0,1,0,0
U006,2026-05-15,8.02,2.14,3.4,5783,2.6,0,87.0,70.0,123.1,74.5,67.4,37.04,1875,77.8,80.2,0,0,0,0,0,1
U006,2026-05-16,6.38,2.25,5.2,7556,2.6,0,93.1,74.0,127.1,74.1,67.8,36.57,1866,65.2,57.6,1,0,0,1,1,1
U006,2026-05-17,6.51,2.63,4.1,7327,2.5,0,90.3,71.5,128.7,72.7,67.2,36.46,1770,72.2,54.9,0,0,0,1,1,1
U006,2026-05-18,7.16,2.05,5.3,8239,1.8,0,90.1,70.2,115.3,65.9,68.0,36.24,2016,65.9,66.7,0,0,0,1,0,0
U006,2026-05-19,8.57,2.47,4.7,9315,2.4,0,87.7,66.5,118.6,69.8,67.3,36.44,2031,88.2,78.2,0,0,0,0,0,0
U006,2026-05-20,7.42,2.06,1.9,9235,1.9,0,87.4,66.4,116.2,68.7,67.7,36.49,2007,86.7,89.9,0,0,0,0,0,0
U006,2026-05-21,5.86,1.5,2.0,8543,2.5,0,91.6,71.3,112.5,73.3,67.3,36.53,1999,59.9,51.8,0,1,1,0,1,0
U006,2026-05-22,7.04,1.99,1.2,6215,0.3,0,83.6,66.2,112.1,57.1,67.7,36.38,1995,87.3,83.6,1,0,0,0,0,0
U006,2026-05-23,5.81,2.51,2.4,6603,1.1,0,86.1,68.2,111.0,66.7,67.3,36.65,1930,77.8,58.5,1,0,0,0,1,0
U006,2026-05-24,5.9,3.34,1.5,5970,3.4,0,87.1,69.9,119.4,68.3,67.4,36.57,1952,72.9,72.6,1,0,0,0,0,0
U006,2026-05-25,6.11,2.33,3.9,5949,1.7,0,86.1,69.0,120.2,70.5,67.2,36.29,1963,77.3,55.1,0,0,0,0,1,0
U006,2026-05-26,6.41,2.47,4.1,5890,1.3,0,88.0,71.0,119.6,71.4,67.7,36.52,1870,73.3,62.2,1,0,0,0,0,0
U006,2026-05-27,7.25,2.12,4.1,4917,1.4,0,85.8,69.9,122.0,76.0,67.1,36.64,1844,88.0,72.6,0,0,0,0,0,1
U006,2026-05-28,6.55,2.39,5.3,2907,0.7,0,85.1,71.6,130.4,74.6,67.7,36.41,1686,86.2,56.5,0,0,0,1,1,1
U006,2026-05-29,6.49,1.64,6.6,3912,0.0,0,85.5,70.8,123.4,74.4,67.1,36.36,1777,74.5,47.6,1,1,0,1,1,1
U006,2026-05-30,6.68,1.28,6.1,5757,1.0,0,89.8,72.9,122.9,70.4,67.3,36.84,1873,70.5,47.1,0,1,0,1,1,1
U006,2026-05-31,6.94,1.26,4.7,4277,1.8,0,82.9,67.8,129.8,72.7,67.6,36.54,1936,84.4,63.0,0,1,0,1,0,1
U006,2026-06-01,7.05,1.59,2.2,5663,1.9,0,85.7,68.9,124.2,70.3,67.5,36.55,1725,83.8,68.4,0,1,0,0,0,1
U006,2026-06-02,7.41,1.5,2.1,9293,1.8,0,89.6,68.5,124.7,70.8,67.3,36.17,2229,89.5,82.5,0,0,0,0,0,1
U006,2026-06-03,7.99,1.96,2.1,9741,2.0,0,89.2,67.5,117.4,63.1,67.4,36.61,2221,75.9,86.5,0,0,0,0,0,0
U006,2026-06-04,7.94,2.39,3.1,10932,3.0,0,89.9,66.7,118.0,74.2,67.6,36.63,2016,83.1,89.1,0,0,0,0,0,0
U006,2026-06-05,7.96,2.47,3.2,9576,2.1,0,89.0,67.5,118.2,72.9,67.1,36.66,2051,83.2,75.6,0,0,0,0,0,0
U006,2026-06-06,6.19,2.93,4.7,10108,1.5,0,92.3,70.2,125.4,73.2,67.1,36.53,1820,51.9,50.5,1,0,1,1,1,1
U006,2026-06-07,6.56,2.72,3.9,7425,1.6,1,91.2,72.3,126.4,74.2,67.4,36.75,2057,74.7,69.8,1,0,0,1,0,1
U006,2026-06-08,7.16,1.95,4.2,6208,2.4,0,85.7,68.2,121.5,74.7,67.3,36.98,1943,88.0,65.6,0,0,0,1,0,1
U006,2026-06-09,7.73,2.51,6.1,2334,3.5,1,83.2,70.4,138.4,76.3,67.6,36.54,1690,75.3,61.6,0,0,0,1,0,1
U006,2026-06-10,6.83,2.07,6.3,6516,1.8,0,89.8,72.0,121.9,72.0,67.1,36.89,1720,75.6,44.8,1,0,0,1,1,1
U006,2026-06-11,6.32,2.4,5.8,9159,2.0,0,88.5,67.5,127.3,72.2,67.7,36.86,2178,57.4,51.3,0,0,1,1,1,1
U006,2026-06-12,6.09,2.87,4.7,7217,2.3,0,88.8,70.1,112.2,68.9,68.1,36.32,1753,74.3,56.5,1,0,0,1,1,0
U006,2026-06-13,6.92,2.71,3.9,6712,1.2,1,88.7,70.6,118.6,66.6,67.5,36.88,2036,87.6,71.5,0,0,0,1,0,0
U006,2026-06-14,7.86,1.83,3.0,5681,1.8,0,83.1,66.3,116.9,73.9,67.6,36.33,1786,94.2,71.1,0,0,0,0,0,0
U006,2026-06-15,7.16,1.53,2.8,6937,0.5,0,84.4,66.1,114.5,68.4,67.3,36.95,1825,78.6,80.4,0,1,0,0,0,0
U006,2026-06-16,7.89,2.25,4.6,8722,0.0,0,88.5,68.0,124.3,68.6,67.5,36.43,2309,90.1,78.7,0,0,0,1,0,1
U006,2026-06-17,7.65,2.08,4.4,5144,1.7,1,81.4,65.2,115.6,70.7,66.9,36.76,1599,92.5,76.5,0,0,0,1,0,0
U006,2026-06-18,7.28,2.08,2.6,6710,1.5,0,82.9,64.9,120.6,74.1,67.7,36.72,2036,83.4,84.1,0,0,0,0,0,0
U006,2026-06-19,6.98,2.35,5.9,6423,2.1,1,88.3,70.6,121.2,73.2,67.1,36.4,1840,73.3,57.3,0,0,0,1,1,0
U006,2026-06-20,7.65,2.49,6.1,6888,2.0,1,90.9,72.6,132.6,70.6,67.8,36.92,1779,86.9,74.6,0,0,0,1,0,1
U006,2026-06-21,7.67,2.41,3.7,7659,1.1,1,90.5,71.3,109.0,65.4,67.8,36.7,1694,82.9,86.3,0,0,0,0,0,0
U006,2026-06-22,9.0,2.16,3.5,7036,1.7,1,82.0,63.6,125.7,72.3,68.1,36.8,1866,76.9,80.1,0,0,0,0,0,1
U006,2026-06-23,7.69,1.97,4.1,6856,0.7,0,85.7,67.5,122.3,68.2,68.0,36.61,1940,87.3,69.4,0,0,0,0,0,1
U006,2026-06-24,7.87,2.33,6.8,6595,2.9,0,83.7,65.8,127.5,74.9,67.3,36.15,1747,76.8,53.4,0,0,0,1,1,1
U006,2026-06-25,7.06,2.42,4.7,8310,1.0,0,86.9,66.9,126.1,64.9,67.0,36.89,1989,76.1,74.6,0,0,0,0,0,1
U006,2026-06-26,6.27,2.15,6.2,8307,1.5,0,91.3,71.4,121.3,71.5,66.7,36.26,2207,59.2,51.1,1,0,1,1,1,0
U006,2026-06-27,6.55,2.52,7.8,7997,0.9,0,89.3,69.8,128.0,75.7,67.3,36.68,1988,76.0,41.1,1,0,0,1,1,1
U006,2026-06-28,6.85,2.26,6.1,5517,2.2,0,91.2,74.5,129.9,77.9,67.5,37.08,2062,64.8,59.0,0,0,1,1,1,1
U006,2026-06-29,9.0,1.82,5.4,5668,1.7,0,88.1,71.3,129.0,79.4,67.9,36.37,1778,72.2,74.6,0,0,0,1,0,1
U006,2026-06-30,8.33,1.59,3.8,7735,1.4,1,87.4,68.1,119.9,73.2,67.2,36.69,2016,100.0,76.0,0,0,0,0,0,0
U006,2026-07-01,6.8,1.36,3.8,7426,2.6,0,86.8,67.9,132.5,73.3,67.8,36.47,2072,73.8,62.4,1,1,0,1,0,1
U006,2026-07-02,7.12,1.51,4.1,8241,2.2,0,90.3,70.4,130.3,69.6,67.3,36.51,1810,72.8,68.9,0,1,0,1,0,1
U006,2026-07-03,5.25,2.2,5.3,10374,2.6,0,93.4,71.0,123.8,70.1,67.6,36.48,1978,50.0,31.1,1,1,1,1,1,1
U006,2026-07-04,5.87,1.8,6.8,10306,1.2,1,91.1,68.7,120.0,67.1,67.4,36.82,1997,62.2,36.8,1,0,1,1,1,0
U006,2026-07-05,6.33,1.95,5.2,8798,0.4,1,90.9,70.3,130.0,75.9,67.1,36.64,1978,66.4,50.3,1,0,0,1,1,1
U006,2026-07-06,7.3,1.71,2.3,7102,1.6,0,86.8,68.3,121.6,72.7,67.5,36.44,1979,83.2,84.1,0,0,0,0,0,1
U006,2026-07-07,8.04,1.72,3.1,3070,1.6,0,77.2,63.5,116.2,70.6,67.8,36.62,1616,79.4,80.9,0,0,0,0,0,0
U006,2026-07-08,7.18,1.23,4.1,4772,2.5,0,83.3,67.6,126.4,70.1,67.7,36.79,1546,77.2,61.1,0,1,0,0,0,1
U006,2026-07-09,6.97,1.45,4.7,5378,2.1,0,86.4,69.9,129.5,76.1,67.4,36.38,1905,73.1,53.7,0,1,0,1,1,1
U006,2026-07-10,6.31,1.59,4.3,6797,2.2,0,89.0,70.8,124.2,72.6,67.9,36.54,2155,79.0,47.1,1,0,0,1,1,1
U006,2026-07-11,5.59,1.97,4.7,6658,0.5,0,90.1,72.1,117.3,68.5,67.3,37.07,1935,70.4,43.9,1,0,0,1,1,0
U006,2026-07-12,6.43,2.07,7.0,6330,3.4,0,88.9,71.3,137.6,76.3,67.3,36.42,1970,68.5,34.6,1,0,0,1,1,1
U006,2026-07-13,5.54,1.56,6.9,3891,2.3,0,86.1,71.4,128.4,76.5,67.4,36.32,2021,51.8,12.9,1,1,1,1,1,1
U006,2026-07-14,5.76,2.17,5.8,3980,2.7,1,90.7,75.9,122.4,72.4,67.2,36.83,1290,53.1,36.9,1,0,1,1,1,1
U006,2026-07-15,5.38,2.19,4.9,6233,1.4,0,88.2,70.7,123.3,70.0,67.9,36.63,1805,64.3,42.7,1,0,1,1,1,1
U006,2026-07-16,6.51,2.19,4.7,9291,2.1,0,90.2,69.0,123.9,72.8,67.2,36.52,2083,65.0,56.5,1,0,1,1,1,1
U006,2026-07-17,8.29,2.11,7.1,7993,0.8,0,89.9,70.3,137.9,70.9,67.5,36.45,2052,82.0,61.7,1,0,0,1,0,1
U006,2026-07-18,6.63,1.86,6.2,8007,2.1,1,86.5,66.9,131.6,75.1,67.9,36.49,2055,65.9,47.4,0,1,0,1,1,1
U006,2026-07-19,5.15,2.0,5.8,8988,1.7,1,94.6,73.8,121.6,67.5,67.5,36.88,1793,53.8,30.1,1,0,1,1,1,1
U006,2026-07-20,5.78,2.19,4.9,6730,1.9,0,93.8,75.7,116.6,63.3,67.2,36.69,1855,62.1,38.1,1,0,1,1,1,0
U006,2026-07-21,6.28,1.42,6.5,7436,2.6,0,92.5,73.5,128.4,71.0,67.0,36.88,1959,53.3,35.6,1,1,1,1,1,1
U006,2026-07-22,6.76,1.43,8.8,6064,1.0,0,89.4,72.1,127.3,75.8,67.2,36.67,1872,67.2,29.4,1,0,0,1,1,1
U006,2026-07-23,6.46,1.56,8.3,7880,1.1,0,93.8,74.4,126.8,75.0,67.5,36.57,1932,64.1,26.8,1,1,1,1,1,1
U006,2026-07-24,6.5,1.84,7.5,7676,2.2,1,90.1,70.9,124.6,72.7,67.3,36.49,2041,59.8,34.1,1,1,1,1,1,1
U006,2026-07-25,7.02,2.38,6.8,7803,4.0,0,85.1,65.7,136.1,71.2,67.6,36.23,1975,59.6,53.1,1,0,1,1,1,1
U006,2026-07-26,7.93,1.92,2.8,6181,2.5,1,83.5,66.1,115.9,69.6,67.4,36.66,1711,81.6,86.8,0,0,0,0,0,0
U006,2026-07-27,5.84,1.75,4.5,7693,2.7,1,90.2,71.0,123.4,70.0,67.3,36.92,2008,59.5,41.8,1,1,1,1,1,1
U006,2026-07-28,5.98,1.65,4.9,10596,2.1,1,92.7,70.0,125.3,69.6,67.4,36.49,2521,61.7,40.3,1,1,1,1,1,1
U006,2026-07-29,6.57,1.47,5.5,7226,3.9,0,87.6,69.0,118.4,65.3,67.4,36.55,1952,70.5,54.0,1,1,0,1,1,0
U006,2026-07-30,5.94,1.54,4.4,6583,0.9,1,90.1,72.2,123.5,70.0,67.6,36.62,2031,66.2,52.6,1,1,0,1,1,1
U006,2026-07-31,7.89,2.03,4.0,7152,1.8,0,88.0,69.4,123.2,69.8,67.8,36.43,1942,85.7,76.9,0,1,0,0,0,1
U006,2026-08-01,6.97,1.6,3.7,8302,0.4,0,93.7,73.7,114.3,66.3,67.1,36.24,1939,80.9,60.9,0,1,0,1,0,0
U006,2026-08-02,6.95,1.93,5.6,6778,0.0,1,84.8,66.7,130.7,70.2,67.2,36.56,1874,71.5,60.1,0,0,0,1,0,1
U006,2026-08-03,7.46,1.28,4.8,2473,1.4,0,83.0,70.0,125.6,70.3,67.3,36.6,1537,80.2,63.6,0,1,0,1,0,1
U006,2026-08-04,6.75,1.34,7.9,6855,2.0,0,87.2,69.0,127.4,70.6,67.4,36.8,1941,64.5,31.6,1,1,1,1,1,1
U006,2026-08-05,5.23,1.47,7.6,8113,1.7,1,93.1,73.3,123.4,68.6,67.2,36.42,2034,43.8,19.2,1,1,1,1,1,1
U006,2026-08-06,5.56,2.35,5.0,4839,1.8,0,86.6,70.8,134.8,80.1,68.0,36.68,1857,67.9,42.8,1,0,0,1,1,1
U006,2026-08-07,7.04,2.1,4.8,4972,4.9,0,85.4,69.4,137.2,72.9,67.7,36.39,1849,81.6,64.7,0,0,0,0,0,1
U006,2026-08-08,6.73,1.18,3.9,8430,2.6,1,91.4,71.3,119.5,69.7,67.3,36.59,1999,65.7,53.7,1,1,0,0,1,0
U006,2026-08-09,6.09,0.8,1.1,9972,2.7,0,89.2,67.3,118.8,67.4,66.9,36.62,1796,66.1,57.2,0,1,0,0,1,0
U006,2026-08-10,7.27,1.24,4.6,9949,1.6,0,92.0,70.1,121.8,77.0,68.0,36.6,2188,86.5,56.8,0,1,0,0,1,1
U006,2026-08-11,6.87,1.79,5.7,8200,2.2,0,89.3,69.4,125.8,72.8,67.4,36.03,2064,78.9,56.3,0,1,0,1,1,1
U006,2026-08-12,6.47,2.02,6.3,7729,1.8,0,90.4,71.1,128.1,72.6,67.8,36.58,1872,64.0,45.0,1,0,1,1,1,1
U006,2026-08-13,6.82,2.08,6.1,7160,1.6,0,89.3,70.7,120.0,71.4,67.5,36.73,2275,62.9,49.5,0,0,1,1,1,0
U006,2026-08-14,7.57,2.51,3.8,8839,3.6,1,89.3,68.7,120.3,68.9,67.0,36.44,1928,80.2,76.8,0,0,0,1,0,0
U006,2026-08-15,9.0,2.09,3.5,6554,3.6,0,86.7,68.9,129.1,82.3,67.4,36.08,1913,78.0,78.4,0,0,0,0,0,1
U006,2026-08-16,9.0,2.41,5.1,5520,2.6,0,85.0,68.4,132.2,75.3,67.4,36.78,1553,72.1,71.8,0,0,0,1,0,1
U006,2026-08-17,9.0,1.6,3.6,7835,0.0,0,86.7,67.3,115.8,72.0,67.2,36.38,2065,91.8,78.2,0,1,0,1,0,0
U006,2026-08-18,7.96,1.4,1.0,7348,1.1,0,81.9,63.0,116.3,69.6,67.3,36.69,1926,97.2,86.4,0,1,0,0,0,0
U006,2026-08-19,6.67,0.91,1.5,9323,4.3,1,87.9,66.7,119.1,75.1,67.7,36.62,2163,71.6,62.2,0,1,0,0,0,0
U006,2026-08-20,6.86,1.24,2.3,7114,2.5,1,87.8,69.3,124.3,75.3,68.0,36.86,2212,87.8,66.1,0,1,0,0,0,1
U006,2026-08-21,7.01,1.52,3.3,6971,3.2,0,87.8,69.5,123.4,67.8,67.5,36.79,1505,78.5,64.4,0,1,0,0,0,1
U006,2026-08-22,6.06,1.76,4.9,5548,3.7,1,87.6,71.0,133.0,81.2,67.5,36.44,1772,66.4,52.8,1,0,0,1,1,1
U006,2026-08-23,6.28,1.88,5.8,6285,2.7,1,86.2,68.7,130.3,74.7,67.1,36.79,1677,62.4,41.9,1,0,1,1,1,1
U006,2026-08-24,6.92,1.56,5.9,4337,1.4,0,86.4,71.2,134.1,80.9,67.7,36.53,1981,78.4,55.8,1,0,0,1,1,1
U006,2026-08-25,7.27,1.66,7.4,4908,0.0,1,86.4,70.5,128.2,73.0,67.7,36.82,1652,74.5,48.8,0,0,0,1,1,1
U006,2026-08-26,7.6,1.2,4.5,3715,1.9,0,79.4,64.9,123.3,80.6,67.9,36.57,1754,89.8,63.5,0,1,0,0,0,1
U006,2026-08-27,7.62,2.06,5.4,6439,1.2,1,86.7,69.0,130.2,72.3,67.7,36.81,1983,71.6,71.7,0,0,0,1,0,1
U006,2026-08-28,6.93,1.92,6.1,7836,1.9,0,94.4,75.0,124.3,73.5,67.9,36.72,1948,70.1,59.8,0,1,0,1,1,1
U006,2026-08-29,6.5,1.75,4.0,4721,0.8,0,86.2,70.5,121.7,72.4,67.1,36.56,1910,73.2,53.3,0,0,0,1,1,1
U006,2026-08-30,5.65,2.49,2.2,7939,1.4,0,90.6,71.1,108.0,65.9,67.7,36.49,1693,70.2,56.1,1,0,0,0,1,0
U006,2026-08-31,7.76,1.8,2.0,11363,1.8,1,90.0,66.4,123.1,68.1,67.5,36.3,2535,100.0,81.3,0,0,0,0,0,1
U006,2026-09-01,7.47,1.43,1.9,9253,2.2,0,86.8,65.7,114.9,71.7,67.8,36.27,1896,97.4,87.4,0,1,0,0,0,0
U006,2026-09-02,7.08,1.22,3.9,7127,1.0,0,87.1,68.5,122.7,70.9,67.3,36.95,2224,89.7,65.9,0,1,0,1,0,1
U006,2026-09-03,6.23,1.5,3.4,11466,2.8,0,94.2,70.4,127.1,64.1,66.7,36.68,1833,67.5,58.2,1,1,0,0,1,1
U006,2026-09-04,9.0,1.87,2.6,7177,1.7,1,88.0,69.4,124.2,70.9,67.0,36.23,1905,89.5,81.9,0,0,0,0,0,1
U006,2026-09-05,7.33,2.22,2.5,7119,0.3,0,85.4,66.8,117.3,67.7,67.7,36.69,2031,98.8,84.6,0,0,0,0,0,0
U006,2026-09-06,6.82,3.16,4.8,7339,1.4,0,84.6,65.8,114.3,68.3,67.5,36.33,1988,73.9,65.6,0,0,0,1,0,0
U006,2026-09-07,7.26,1.8,4.9,9266,1.8,0,86.3,65.2,125.9,68.5,67.0,36.26,2035,76.7,70.4,0,0,0,1,0,1
U006,2026-09-08,7.68,2.12,4.7,8694,2.1,0,90.0,69.6,126.3,74.9,67.2,36.62,1974,81.3,73.0,0,0,0,0,0,1
U006,2026-09-09,8.25,1.85,4.6,7069,3.3,1,93.0,74.5,118.9,69.9,67.4,36.51,1708,70.7,70.3,0,1,0,1,0,0
U006,2026-09-10,9.0,1.68,6.6,5552,2.2,1,85.1,68.4,127.0,73.6,67.3,36.75,2047,80.8,58.8,0,0,0,1,1,1
U006,2026-09-11,8.85,1.56,5.0,5743,1.9,0,85.2,68.3,119.4,70.4,67.4,36.27,1927,83.3,65.7,0,1,0,1,0,0
U006,2026-09-12,7.18,1.37,6.9,4801,0.9,1,84.6,68.8,128.8,74.5,66.9,36.86,1878,64.5,50.1,0,1,1,1,1,1
U006,2026-09-13,6.88,2.3,6.6,5975,2.5,0,85.3,68.2,125.4,73.4,66.9,36.42,2095,74.1,51.8,1,0,0,1,1,1
U006,2026-09-14,7.2,2.51,5.9,5608,2.3,0,90.5,73.8,128.5,72.0,67.2,36.45,1854,74.0,66.0,0,0,0,1,0,1
U006,2026-09-15,8.94,2.32,9.2,3975,1.7,0,86.7,72.0,131.4,75.3,67.3,36.34,1816,76.8,61.3,0,0,0,1,0,1
U006,2026-09-16,6.93,2.73,6.4,7444,0.1,0,91.5,72.5,127.1,73.1,67.4,36.46,1972,67.0,55.9,1,0,0,1,1,1
U006,2026-09-17,8.02,1.83,5.5,6446,2.8,1,87.6,69.9,129.3,71.3,68.1,36.41,1975,68.5,68.6,0,1,0,1,0,1
U006,2026-09-18,7.77,1.37,3.6,4746,1.1,0,85.2,69.5,123.7,71.0,67.4,36.69,1849,93.3,72.7,0,0,0,0,0,1
U006,2026-09-19,8.2,0.8,5.4,5610,1.2,0,86.0,69.3,124.2,74.7,67.2,36.66,1838,80.6,50.2,0,1,0,1,1,1
U007,2026-04-23,6.21,1.85,5.7,6562,1.8,0,90.5,72.6,133.9,79.5,65.6,36.95,1991,63.1,66.2,1,0,1,1,0,0
U007,2026-04-24,7.46,1.03,7.4,4594,0.8,0,96.7,81.2,133.0,70.4,66.4,36.7,1768,78.2,61.8,1,1,0,1,0,0
U007,2026-04-25,9.0,1.97,6.6,5628,1.3,0,91.8,75.0,141.6,82.7,66.4,36.47,1850,85.7,74.7,0,0,0,0,0,1
U007,2026-04-26,7.64,1.44,6.5,8047,1.8,0,93.2,73.5,130.6,78.4,66.5,36.74,2168,72.6,70.6,0,1,0,1,0,0
U007,2026-04-27,7.86,1.27,5.5,8592,3.3,0,96.1,75.8,128.5,72.4,66.8,36.56,2013,81.6,69.1,1,1,0,0,0,0
U007,2026-04-28,6.87,1.43,5.6,9981,2.1,0,99.7,77.7,128.7,73.2,66.7,36.77,2020,77.6,68.8,1,0,0,0,0,0
U007,2026-04-29,7.84,2.22,6.0,8018,3.1,0,95.7,76.1,141.9,76.6,66.4,36.68,1960,72.6,80.8,0,0,0,0,0,1
U007,2026-04-30,6.39,2.44,5.6,9607,3.7,0,97.0,75.5,144.7,78.5,66.6,36.71,2345,62.4,64.3,0,0,1,0,0,1
U007,2026-05-01,7.06,2.2,2.8,8002,3.9,0,91.9,72.3,126.3,69.9,66.6,37.03,1907,72.5,82.2,0,0,0,0,0,0
U007,2026-05-02,6.27,2.24,4.0,9795,2.8,0,94.2,72.5,139.9,72.7,66.4,36.8,2044,63.3,79.3,0,0,1,0,0,1
U007,2026-05-03,6.38,1.91,4.8,8363,0.4,0,94.5,74.4,126.0,70.6,66.2,36.74,1863,74.6,73.7,0,0,0,0,0,0
U007,2026-05-04,5.72,2.0,3.9,8784,2.0,0,95.0,74.4,134.0,83.1,65.7,36.95,2224,68.1,71.3,1,0,0,0,0,0
U007,2026-05-05,6.96,2.03,2.4,10191,3.0,1,96.7,74.5,133.1,71.0,66.8,36.59,1795,76.9,94.9,0,0,0,0,0,0
U007,2026-05-06,6.24,2.41,5.3,8294,2.2,0,94.7,74.8,129.4,73.9,66.3,37.21,1889,67.4,69.6,1,0,0,0,0,0
U007,2026-05-07,7.03,2.63,5.9,7987,3.7,0,93.7,74.1,133.8,75.3,66.3,36.72,2305,60.3,77.9,0,0,1,0,0,0
U007,2026-05-08,6.71,2.58,5.3,9502,3.3,0,95.2,73.8,136.6,74.9,66.6,36.4,1973,63.9,72.3,1,0,1,1,0,1
U007,2026-05-09,6.73,2.2,3.6,8044,2.9,0,92.9,73.2,138.1,72.7,66.6,36.58,2081,65.5,78.8,0,0,0,0,0,1
U007,2026-05-10,6.97,2.42,2.8,5462,3.3,0,88.2,71.7,124.3,73.6,66.7,36.64,1779,70.9,86.0,0,0,0,0,0,0
U007,2026-05-11,6.31,2.21,5.3,9572,2.7,0,98.2,76.7,133.5,75.2,66.7,36.75,2063,81.6,73.6,1,0,0,0,0,0
U007,2026-05-12,6.77,1.7,5.4,7553,0.0,0,97.1,78.0,139.0,78.8,65.9,36.77,1795,75.5,75.5,0,0,0,0,0,1
U007,2026-05-13,8.21,1.66,4.5,7524,0.9,0,92.4,73.4,131.5,75.2,66.8,36.18,1908,82.1,79.2,0,0,0,0,0,0
U007,2026-05-14,7.04,1.83,5.4,9064,2.8,0,95.5,74.6,138.9,73.5,66.3,36.78,1828,70.5,74.0,0,0,0,0,0,1
U007,2026-05-15,8.06,2.26,4.1,7083,1.5,0,92.4,73.9,132.8,74.4,66.7,36.48,1911,100.0,84.2,0,0,0,0,0,0
U007,2026-05-16,8.95,2.08,6.5,5470,1.6,0,90.4,73.8,131.0,78.0,66.9,36.57,1822,75.5,64.9,1,0,0,1,0,0
U007,2026-05-17,7.45,1.57,8.0,6630,0.9,0,92.2,74.2,129.9,73.9,66.6,36.63,2194,78.8,68.0,0,1,0,1,0,0
U007,2026-05-18,5.99,1.76,6.4,4020,3.4,0,92.5,77.7,134.6,76.1,66.5,36.88,1793,56.8,64.2,0,0,1,0,0,0
U007,2026-05-19,6.66,1.9,5.1,5061,4.0,1,93.6,77.5,143.2,80.3,66.3,36.56,1810,62.7,74.1,1,0,1,0,0,1
U007,2026-05-20,6.31,2.02,1.3,6412,1.8,0,91.5,73.8,134.7,69.3,66.3,36.97,2040,75.9,83.9,0,0,0,0,0,0
U007,2026-05-21,8.23,2.38,1.0,6285,2.1,0,90.7,73.2,130.8,74.3,66.4,36.31,1947,100.0,100.0,0,0,0,0,0,0
U007,2026-05-22,7.77,2.63,1.0,4236,1.4,0,86.6,71.5,130.5,76.0,66.8,36.54,1996,86.6,99.8,0,0,0,0,0,0
U007,2026-05-23,6.76,2.14,1.6,8103,2.4,0,96.8,77.0,126.6,64.4,66.8,36.63,2157,85.1,86.4,0,0,0,0,0,0
U007,2026-05-24,5.84,1.84,2.1,7713,2.6,0,95.3,76.1,129.8,73.3,66.6,36.52,1777,70.7,80.1,1,0,0,0,0,0
U007,2026-05-25,7.27,1.49,1.1,9587,3.0,0,92.3,70.8,129.2,76.2,66.3,36.51,1820,91.8,80.6,0,1,0,0,0,0
U007,2026-05-26,6.66,1.97,1.8,7888,2.6,0,94.2,74.7,130.1,72.6,66.4,36.73,2015,75.4,90.6,0,0,0,0,0,0
U007,2026-05-27,6.83,2.56,3.5,6072,5.0,0,91.8,74.5,135.4,79.0,66.2,36.57,1998,77.6,88.3,0,0,0,0,0,0
U007,2026-05-28,7.74,2.21,4.7,6955,1.9,0,93.9,75.5,133.1,78.2,66.0,36.77,1841,82.6,81.4,0,0,0,0,0,0
U007,2026-05-29,7.02,2.03,2.1,6641,0.3,0,94.6,76.6,120.9,70.5,66.2,36.23,1641,80.7,82.5,0,1,0,0,0,0
U007,2026-05-30,6.97,2.6,2.8,4984,1.1,0,88.9,72.9,127.0,72.7,66.2,36.43,1846,67.7,85.9,0,0,0,0,0,0
U007,2026-05-31,6.97,2.57,1.5,8283,0.2,0,90.6,70.7,135.2,76.6,66.0,36.48,2301,85.0,98.7,0,0,0,0,0,0
U007,2026-06-01,7.58,2.51,3.8,6671,0.0,0,93.1,75.1,131.5,72.1,67.0,36.51,1799,92.9,80.5,0,0,0,0,0,0
U007,2026-06-02,7.87,1.83,5.3,3967,0.5,0,86.3,71.6,133.6,76.4,66.6,36.5,1847,88.1,83.1,0,0,0,0,0,0
U007,2026-06-03,7.33,2.17,3.9,7554,0.7,0,94.0,74.9,131.7,77.5,66.3,36.86,1961,74.5,79.9,0,0,0,0,0,0
U007,2026-06-04,7.25,1.73,3.2,6490,0.7,0,93.7,75.9,131.7,73.5,65.9,36.53,1541,85.3,86.2,0,0,0,0,0,0
U007,2026-06-05,6.82,1.38,3.0,5797,2.1,0,94.8,77.9,135.0,74.5,66.5,36.72,2040,70.7,81.4,0,0,0,0,0,0
U007,2026-06-06,5.59,1.49,1.0,3647,1.5,0,91.2,76.8,128.0,76.8,66.1,36.51,1857,65.0,65.1,0,0,1,0,0,0
U007,2026-06-07,6.38,1.46,2.3,8037,1.7,0,97.5,77.9,121.7,67.5,66.7,36.6,1839,69.9,79.7,0,1,0,0,0,0
U007,2026-06-08,8.3,1.59,2.7,5508,2.8,0,90.3,73.7,131.4,74.3,66.6,36.5,2004,80.9,89.5,0,1,0,0,0,0
U007,2026-06-09,7.0,1.18,4.8,6345,1.5,0,93.8,76.1,146.9,81.9,66.6,36.83,1932,81.1,71.1,0,1,0,0,0,1
U007,2026-06-10,6.32,1.89,3.3,8095,1.6,0,94.0,74.3,130.1,70.6,66.4,36.44,1819,82.2,73.7,1,0,0,0,0,0
U007,2026-06-11,5.83,2.38,2.9,8205,2.2,0,98.9,79.1,132.6,78.8,66.4,36.72,1894,74.7,74.8,1,0,0,0,0,0
U007,2026-06-12,6.93,1.45,1.4,7509,0.2,1,91.5,72.5,125.8,79.2,66.6,36.74,1966,74.5,85.7,0,1,0,0,0,0
U007,2026-06-13,7.35,2.06,1.0,4602,0.0,0,90.0,74.4,132.1,77.7,65.8,36.61,1852,88.1,96.5,0,0,0,0,0,0
U007,2026-06-14,7.07,1.71,1.0,4538,1.5,0,85.7,70.3,133.2,76.2,66.3,36.31,1819,93.4,90.1,0,0,0,0,0,0
U007,2026-06-15,6.24,2.17,3.3,6062,2.3,0,90.6,73.3,138.4,76.5,66.4,36.52,1770,80.3,67.9,0,0,0,0,0,1
U007,2026-06-16,6.62,2.08,2.8,5304,4.1,0,91.3,74.9,128.2,73.5,66.1,36.34,1696,74.6,81.3,0,0,0,0,0,0
U007,2026-06-17,5.4,2.06,3.6,6469,2.8,0,95.5,77.8,135.4,78.9,66.0,36.49,2043,57.1,65.0,1,0,1,0,0,0
U007,2026-06-18,6.16,1.96,3.5,7797,3.0,0,93.5,74.1,138.2,70.6,66.7,36.46,1895,63.9,74.2,1,0,1,0,0,1
U007,2026-06-19,7.27,2.46,2.1,8899,2.1,0,94.0,73.4,123.2,70.5,66.7,36.49,2231,91.7,93.7,0,0,0,0,0,0
U007,2026-06-20,6.06,1.78,2.8,6038,2.3,0,95.1,77.9,135.4,74.0,66.8,36.72,1770,62.8,73.2,0,0,1,0,0,0
U007,2026-06-21,5.09,2.11,4.3,9943,3.7,0,97.9,76.0,137.9,77.1,66.3,36.58,2177,55.1,68.3,1,0,1,0,0,1
U007,2026-06-22,7.24,2.51,2.8,9668,0.5,0,97.1,75.5,136.3,78.2,66.6,36.74,1848,84.9,87.3,0,0,0,0,0,1
U007,2026-06-23,6.61,2.59,4.6,8331,1.9,0,93.8,73.8,141.9,79.9,66.9,36.79,1952,68.7,76.8,1,0,0,0,0,1
U007,2026-06-24,7.76,3.28,3.5,9364,4.0,0,92.5,71.3,140.9,80.1,66.1,36.95,2149,71.3,87.1,1,0,0,0,0,1
U007,2026-06-25,7.32,2.56,3.3,11869,2.9,0,100.9,76.6,134.9,80.1,66.2,36.61,1883,75.5,88.3,0,1,0,0,0,0
U007,2026-06-26,7.05,2.72,4.5,7191,3.8,0,88.9,70.3,141.1,77.6,66.6,36.66,1960,71.9,85.4,1,0,0,0,0,1
U007,2026-06-27,7.42,2.39,3.7,6744,2.0,0,89.4,71.3,137.7,70.1,66.8,36.46,1833,79.2,87.1,0,0,0,0,0,1
U007,2026-06-28,6.47,2.73,4.2,3164,2.0,0,86.8,73.0,137.3,76.5,66.3,37.0,1743,59.5,78.1,0,0,1,0,0,1
U007,2026-06-29,6.8,2.43,4.0,5382,2.0,0,92.9,76.4,130.7,76.8,66.2,36.74,2070,66.6,78.6,0,0,0,0,0,0
U007,2026-06-30,6.54,2.1,4.5,6760,0.0,0,93.7,75.6,136.2,78.4,66.1,36.8,2074,76.1,79.9,1,0,0,0,0,1
U007,2026-07-01,5.56,2.59,1.2,6819,0.3,0,92.0,73.8,115.8,67.1,66.5,36.72,1931,73.9,80.1,0,0,0,0,0,0
U007,2026-07-02,6.44,2.15,1.0,5889,0.4,0,91.6,74.6,128.6,71.2,66.2,36.51,1893,82.8,91.6,1,0,0,0,0,0
U007,2026-07-03,6.43,1.53,2.2,3249,2.3,0,88.0,74.1,125.4,69.4,66.1,36.63,1527,61.6,61.7,0,1,1,0,0,0
U007,2026-07-04,6.52,1.51,4.5,5707,2.9,0,89.9,73.1,129.6,73.7,66.1,36.33,1632,68.3,71.4,1,1,0,0,0,0
U007,2026-07-05,5.65,1.95,3.4,8622,2.6,0,97.8,77.5,131.7,69.5,66.8,36.41,1999,62.3,65.0,1,0,1,0,0,0
U007,2026-07-06,7.59,2.53,3.5,6889,3.0,0,93.0,74.8,134.7,77.4,66.6,36.67,2006,74.0,91.0,0,0,0,0,0,0
U007,2026-07-07,8.12,2.36,4.4,7630,2.1,0,94.8,75.6,141.7,78.8,66.4,36.36,2018,83.0,89.9,0,0,0,0,0,1
U007,2026-07-08,8.52,2.74,5.6,4870,3.2,0,93.7,77.9,129.6,77.4,66.7,36.26,1830,62.2,79.2,1,0,1,0,0,0
U007,2026-07-09,7.65,1.9,2.5,6648,2.4,0,91.1,73.1,141.0,75.0,66.3,36.5,1815,82.9,84.0,0,1,0,0,0,1
U007,2026-07-10,5.87,1.76,2.0,6210,2.2,0,91.5,74.0,124.3,71.5,66.4,37.03,2198,66.5,72.0,0,0,0,0,0,0
U007,2026-07-11,8.04,1.74,2.4,5416,1.8,0,87.3,70.8,126.0,69.8,66.6,36.7,1755,92.9,85.4,0,1,0,0,0,0
U007,2026-07-12,7.57,1.8,4.2,5023,2.6,0,92.3,76.2,130.4,78.7,65.7,36.55,1750,77.9,79.5,0,0,0,0,0,0
U007,2026-07-13,6.68,1.91,8.0,5398,1.8,0,95.8,79.3,141.5,76.7,66.1,36.3,1889,63.6,62.5,1,0,1,1,0,1
U007,2026-07-14,7.18,2.22,6.8,6795,2.9,1,94.8,76.7,145.6,83.5,66.5,36.73,1735,86.5,74.2,0,0,0,1,0,1
U007,2026-07-15,8.13,1.96,4.2,4852,1.2,0,90.7,74.8,133.6,76.3,65.6,36.73,1538,80.1,89.5,1,0,0,0,0,0
U007,2026-07-16,7.66,2.03,5.0,5307,0.7,0,90.0,73.6,126.5,72.5,66.6,36.36,1768,88.6,72.2,0,0,0,1,0,0
U007,2026-07-17,8.52,2.0,6.9,6088,2.3,0,96.3,79.0,142.0,76.3,66.8,36.52,1858,75.0,73.7,0,0,0,1,0,1
U007,2026-07-18,8.87,1.63,6.5,4831,2.0,0,91.7,75.9,148.4,81.5,66.4,36.78,1697,84.6,69.5,0,0,0,0,0,1
U007,2026-07-19,7.17,1.73,4.8,8716,1.6,0,95.4,75.0,137.6,74.9,66.5,36.95,2077,85.1,76.9,0,0,0,0,0,1
U007,2026-07-20,6.51,1.78,6.2,6527,2.7,1,96.9,79.1,131.9,74.8,66.3,36.4,2160,73.6,62.6,1,1,0,1,0,0
U007,2026-07-21,7.55,1.8,6.8,5720,1.6,0,93.9,77.1,138.9,76.6,66.0,36.62,1595,78.4,74.0,0,0,0,0,0,1
U007,2026-07-22,4.94,1.89,4.8,4835,1.7,0,93.3,77.5,131.7,76.6,66.0,36.8,1824,65.7,50.5,1,0,0,0,1,0
U007,2026-07-23,5.63,1.97,5.4,8721,3.2,0,97.9,77.4,127.7,73.9,66.9,36.61,2000,62.3,63.4,1,1,1,0,0,0
U007,2026-07-24,4.92,1.81,6.7,8722,3.8,0,100.0,79.6,140.7,70.7,66.4,36.4,1894,44.5,46.1,1,1,1,1,1,1
U007,2026-07-25,5.33,2.39,7.9,6401,4.1,0,101.1,83.5,139.2,70.9,66.4,36.18,1892,53.3,63.6,1,0,1,1,0,1
U007,2026-07-26,5.74,1.77,6.9,8425,2.3,0,99.7,79.6,137.7,76.9,66.5,36.4,2076,51.5,53.4,1,1,1,1,1,1
U007,2026-07-27,5.93,1.57,5.8,8025,3.3,0,100.5,80.9,130.5,76.1,66.6,36.62,1866,62.8,64.3,1,1,1,0,0,0
U007,2026-07-28,5.87,2.86,7.3,7913,1.5,0,98.5,79.0,141.2,79.4,66.6,36.8,1827,54.2,60.1,1,0,1,1,0,1
U007,2026-07-29,5.36,2.1,4.9,6919,1.0,0,94.7,76.4,141.1,78.2,66.4,36.43,2200,59.8,64.5,1,0,1,0,0,1
U007,2026-07-30,8.03,1.52,5.6,5791,0.0,0,93.7,76.7,130.6,79.0,66.7,37.12,1749,80.6,81.5,1,0,0,0,0,0
U007,2026-07-31,9.0,2.0,3.4,6922,2.8,0,94.8,76.5,133.8,72.2,66.5,36.49,1889,81.9,86.6,0,0,0,0,0,0
U007,2026-08-01,7.33,1.17,5.4,6111,1.4,0,92.5,75.1,135.8,80.0,66.8,36.95,1895,81.2,63.2,0,1,0,1,0,0
U007,2026-08-02,8.59,1.41,4.9,9387,1.7,0,97.4,76.1,127.1,74.7,66.5,36.5,1878,75.3,75.3,1,1,0,0,0,0
U007,2026-08-03,7.6,2.5,6.8,6215,1.0,0,97.5,80.0,141.6,80.0,67.2,36.64,1931,77.0,75.6,1,0,0,0,0,1
U007,2026-08-04,7.48,1.68,6.9,9002,2.4,1,98.9,78.1,140.9,80.9,66.2,36.84,1937,73.6,65.3,0,1,0,1,0,1
U007,2026-08-05,7.23,1.02,4.6,7827,1.8,1,93.3,73.9,132.2,75.1,67.0,36.9,2089,69.8,67.9,0,1,0,0,0,0
U007,2026-08-06,6.56,0.81,6.8,7880,0.7,0,96.3,76.8,132.7,75.6,66.8,36.78,1950,73.2,59.8,1,1,0,1,1,0
U007,2026-08-07,7.6,1.65,8.4,8738,2.0,0,95.7,75.2,136.0,74.7,66.2,36.69,1947,75.7,68.9,0,0,0,1,0,0
U007,2026-08-08,7.47,2.24,8.7,6886,0.6,0,93.9,75.6,138.9,79.1,66.0,36.52,1712,71.0,69.4,0,0,0,1,0,1
U007,2026-08-09,6.86,1.94,6.5,8290,0.8,0,95.8,75.8,143.9,75.6,66.6,36.94,1893,71.7,81.1,0,0,0,1,0,1
U007,2026-08-10,5.77,2.24,5.6,3424,0.0,0,90.1,75.9,126.0,73.3,66.5,36.28,1774,56.3,65.0,0,0,1,0,0,0
U007,2026-08-11,5.48,2.7,5.6,4089,0.0,0,90.4,75.5,130.8,81.4,66.0,36.55,1582,67.2,64.4,1,0,0,1,0,0
U007,2026-08-12,4.64,3.13,4.4,4104,1.5,1,93.7,78.8,133.6,74.9,66.2,36.61,1879,58.3,59.4,1,0,1,0,1,0
U007,2026-08-13,5.6,2.58,7.0,3598,0.0,0,95.8,81.4,134.0,75.1,66.6,36.49,1646,54.9,62.9,1,0,1,1,0,0
U007,2026-08-14,5.1,1.43,6.6,4964,0.0,1,95.9,79.9,119.4,68.6,66.2,36.52,1838,48.5,56.9,1,0,1,1,1,0
U007,2026-08-15,5.63,1.33,2.3,6583,1.4,0,92.6,74.7,127.7,70.6,66.7,36.79,1941,60.1,68.9,1,0,1,0,0,0
U007,2026-08-16,7.38,1.43,3.6,7887,1.3,0,94.6,75.2,142.7,78.4,66.2,36.54,2139,77.6,71.6,1,1,0,0,0,1
U007,2026-08-17,8.29,1.55,3.5,7818,3.7,0,90.5,71.1,125.3,79.2,66.2,36.62,1611,82.5,84.0,0,1,0,0,0,0
U007,2026-08-18,7.74,1.66,3.8,6371,4.3,0,90.9,73.3,134.7,75.4,66.0,36.61,1842,75.5,76.9,0,1,0,0,0,0
U007,2026-08-19,7.37,2.24,3.7,7261,1.8,0,91.8,73.1,121.9,73.5,66.6,36.83,1976,75.2,86.9,0,0,0,0,0,0
U007,2026-08-20,8.88,2.65,5.2,7324,2.5,0,94.4,75.6,127.1,72.5,66.8,36.57,2054,78.3,88.7,0,0,0,0,0,0
U007,2026-08-21,8.58,2.32,6.8,8621,2.9,0,92.8,72.4,131.1,68.1,66.4,36.89,2242,80.3,80.6,0,0,0,1,0,0
U007,2026-08-22,7.66,2.63,6.6,9021,1.7,0,98.1,77.3,138.7,81.8,66.1,36.81,2087,76.9,75.9,0,0,0,1,0,1
U007,2026-08-23,6.14,2.52,5.7,8058,0.5,0,99.5,79.9,125.7,78.6,66.4,36.44,1756,58.2,64.0,0,0,1,0,0,0
U007,2026-08-24,6.83,2.34,5.4,6130,1.5,0,95.5,78.1,138.9,81.9,66.3,36.38,2018,76.2,63.3,0,0,0,0,0,1
U007,2026-08-25,7.63,2.57,5.3,5547,1.7,0,92.4,75.8,137.5,75.5,66.3,37.08,1580,82.1,75.5,0,0,0,0,0,1
U007,2026-08-26,6.82,2.37,4.1,5416,1.5,0,89.0,72.5,133.9,81.3,66.2,36.74,1603,77.5,84.3,0,0,0,0,0,0
U007,2026-08-27,7.15,3.04,5.2,5716,2.3,0,93.9,77.0,135.9,76.1,66.2,36.59,1651,66.3,74.8,1,0,0,0,0,0
U007,2026-08-28,6.77,2.05,5.8,6776,1.4,0,94.5,76.4,137.2,78.2,67.0,36.41,2067,67.1,71.5,0,0,0,0,0,1
U007,2026-08-29,6.7,1.82,7.7,8002,0.7,0,94.8,75.2,140.5,80.6,66.1,36.62,1739,66.3,57.9,0,0,0,1,1,1
U007,2026-08-30,4.63,1.84,8.7,7421,1.7,0,99.5,80.6,134.6,76.0,66.8,36.53,1604,39.6,38.2,1,0,1,1,1,0
U007,2026-08-31,5.38,2.08,6.6,7236,2.3,0,96.1,77.4,142.5,77.0,66.0,36.41,2101,62.9,55.4,1,0,1,1,1,1
U007,2026-09-01,6.88,2.56,7.3,7341,1.0,0,94.2,75.4,142.0,77.8,66.5,36.69,1857,72.4,63.6,0,0,0,1,0,1
U007,2026-09-02,6.37,2.32,5.3,6366,2.6,0,92.2,74.6,137.3,74.2,65.9,36.39,2045,73.2,72.6,0,0,0,0,0,1
U007,2026-09-03,6.67,1.63,6.2,5240,0.5,0,93.0,76.8,126.2,74.1,66.2,36.62,2073,69.1,62.5,0,1,0,0,0,0
U007,2026-09-04,6.14,2.11,5.1,3383,1.0,0,91.8,77.7,129.4,78.9,66.3,36.74,1476,59.7,72.4,1,0,1,0,0,0
U007,2026-09-05,6.8,2.37,3.6,4108,1.5,0,90.3,75.4,130.0,77.9,66.7,36.69,1441,76.8,88.5,0,0,0,0,0,0
U007,2026-09-06,6.69,1.44,4.4,6291,1.2,0,91.0,73.4,139.8,74.4,67.0,36.43,1764,80.2,74.7,0,0,0,0,0,1
U007,2026-09-07,5.99,1.67,1.0,5550,1.2,0,88.8,72.2,133.6,75.1,66.8,36.6,1617,70.2,86.3,0,0,0,0,0,0
U007,2026-09-08,7.56,1.16,1.0,5904,3.6,1,85.6,68.5,125.5,69.1,66.3,36.57,1942,73.5,80.7,0,1,0,0,0,0
U007,2026-09-09,8.16,1.23,1.0,7179,1.7,0,90.2,71.6,130.3,75.4,66.2,36.69,1717,90.3,100.0,0,1,0,0,0,0
U007,2026-09-10,7.16,1.18,2.3,7901,4.2,0,90.6,71.2,135.8,79.7,66.7,36.8,1946,81.3,83.6,0,1,0,0,0,0
U007,2026-09-11,7.53,1.83,2.6,5767,3.1,0,89.8,72.9,140.8,78.6,66.4,36.97,1978,84.1,90.0,0,0,0,0,0,1
U007,2026-09-12,7.79,1.95,1.0,7938,2.4,0,90.4,70.9,133.0,76.5,66.2,36.72,2020,96.1,91.5,0,0,0,0,0,0
U007,2026-09-13,8.04,1.45,1.1,9226,2.6,0,95.8,74.7,129.7,73.2,66.5,36.5,2032,92.3,84.8,0,1,0,0,0,0
U007,2026-09-14,6.13,2.02,2.8,6351,4.6,0,93.5,75.9,132.6,79.5,66.2,36.9,2160,68.6,73.3,1,0,0,0,0,0
U007,2026-09-15,7.37,1.44,4.3,5391,1.8,0,92.9,76.4,140.2,82.0,66.6,36.89,1812,84.7,78.6,0,1,0,0,0,1
U007,2026-09-16,6.72,1.8,4.5,8052,0.9,0,94.4,74.8,134.9,74.4,66.8,36.77,1926,67.7,80.4,0,0,0,0,0,0
U007,2026-09-17,6.52,1.55,6.3,7297,0.9,0,93.3,74.5,133.6,77.6,66.6,36.4,2311,71.0,65.0,1,1,0,1,0,0
U007,2026-09-18,9.0,1.59,6.5,3688,1.7,0,89.5,75.1,137.9,79.2,65.9,36.95,1885,76.1,72.1,0,0,0,1,0,1
U007,2026-09-19,8.48,1.95,5.0,3162,0.3,0,89.7,75.9,123.7,69.7,66.2,36.8,1577,92.7,100.0,0,0,0,0,0,0
U008,2026-04-23,6.93,1.69,5.1,8853,3.5,1,96.4,75.8,117.0,72.5,64.6,36.32,1923,71.2,71.9,0,1,0,0,0,0
U008,2026-04-24,6.8,2.36,3.0,8967,2.7,1,95.6,74.9,122.4,73.6,64.8,36.82,2048,68.1,78.5,1,0,0,0,0,0
U008,2026-04-25,7.4,3.0,4.3,7939,1.8,0,95.7,76.2,120.1,71.0,64.7,36.55,1784,81.1,80.0,1,0,0,0,0,0
U008,2026-04-26,7.33,2.59,3.2,9596,1.9,1,94.2,72.7,115.2,67.8,64.2,36.74,2054,74.3,89.3,0,0,0,0,0,0
U008,2026-04-27,6.85,2.85,3.1,9331,2.1,0,99.1,77.9,128.4,71.4,64.4,36.53,1833,60.2,75.3,0,0,1,0,0,1
U008,2026-04-28,7.37,2.09,4.1,6882,0.4,0,96.2,78.0,115.4,67.1,64.8,36.39,1800,80.0,86.9,0,0,0,0,0,0
U008,2026-04-29,6.65,2.48,3.2,5321,4.1,0,93.0,76.6,132.2,71.3,64.7,36.76,2111,68.5,77.4,0,0,0,0,0,1
U008,2026-04-30,6.25,2.71,3.7,7435,3.1,0,100.0,81.1,120.3,70.7,64.8,36.35,1944,67.9,69.5,0,0,0,0,0,0
U008,2026-05-01,6.08,2.77,1.9,7835,2.5,0,92.9,73.5,114.9,67.1,65.1,36.97,1843,72.3,80.2,1,0,0,0,0,0
U008,2026-05-02,7.64,2.46,3.7,7682,2.7,0,94.1,74.9,123.7,72.1,65.0,36.7,1709,83.5,88.7,0,0,0,0,0,1
U008,2026-05-03,4.55,1.09,6.6,6021,2.9,0,98.1,80.9,121.0,72.8,64.9,36.49,1773,41.3,20.6,1,1,1,0,1,0
U008,2026-05-04,5.88,1.2,10.0,7458,2.1,1,105.6,86.7,117.9,70.7,64.0,36.54,1922,45.7,33.4,1,1,1,1,1,0
U008,2026-05-05,6.36,1.27,8.7,6051,1.4,0,95.9,78.6,132.3,73.6,65.0,36.82,2130,60.8,44.8,1,1,1,1,1,1
U008,2026-05-06,5.14,1.17,8.7,6366,2.4,0,101.2,83.6,134.1,78.4,64.3,36.64,1719,47.7,27.9,1,1,1,0,1,1
U008,2026-05-07,6.15,1.55,5.1,8938,2.5,1,100.0,79.3,122.5,72.2,64.7,36.82,2148,59.5,61.3,1,1,1,0,0,0
U008,2026-05-08,6.91,1.56,7.2,6939,1.4,1,96.3,78.0,120.1,67.8,64.8,36.56,2071,67.4,57.0,1,1,0,0,1,0
U008,2026-05-09,7.47,1.41,7.6,4517,3.2,0,93.3,77.9,123.2,69.4,65.2,36.27,1900,66.2,73.6,0,1,0,1,0,0
U008,2026-05-10,4.95,1.22,6.2,4118,2.6,0,97.1,82.1,121.1,72.1,64.3,36.54,1713,39.0,37.5,1,1,1,0,1,0
U008,2026-05-11,6.97,1.25,7.6,7108,2.9,1,95.7,77.1,129.5,78.1,64.6,36.54,1957,68.0,59.3,1,1,0,0,1,1
U008,2026-05-12,6.33,2.0,6.4,7451,3.6,0,98.9,79.9,126.2,68.5,65.6,36.64,1925,66.1,60.8,1,0,0,0,0,1
U008,2026-05-13,7.2,1.73,5.4,7024,2.5,0,94.5,76.1,129.9,71.0,64.7,36.36,2104,78.5,73.2,0,1,0,0,0,1
U008,2026-05-14,7.77,1.63,5.9,6218,2.5,0,94.4,76.9,124.5,74.9,64.8,36.28,1909,81.0,67.3,0,1,0,0,0,1
U008,2026-05-15,6.69,1.6,4.1,7366,2.9,0,94.0,75.2,119.8,71.1,64.5,36.31,1972,78.5,65.0,1,1,0,0,0,0
U008,2026-05-16,7.4,1.89,5.9,5859,1.6,0,93.6,76.6,127.5,71.5,64.8,36.62,1894,73.5,80.3,0,1,0,0,0,1
U008,2026-05-17,6.9,2.12,4.1,6906,1.9,1,92.5,74.2,121.6,71.8,64.9,36.54,1980,81.8,80.9,0,0,0,0,0,0
U008,2026-05-18,5.12,0.85,2.9,5813,2.1,0,95.5,78.6,126.7,79.3,64.8,36.56,1615,64.1,46.0,1,1,1,0,1,1
U008,2026-05-19,6.9,1.72,2.2,5007,1.1,0,94.7,78.7,126.8,77.1,64.7,36.51,1991,88.3,80.2,0,1,0,0,0,1
U008,2026-05-20,6.26,2.41,4.1,5009,3.9,0,96.9,80.8,118.4,69.3,64.8,37.07,1873,62.3,68.2,1,0,1,0,0,0
U008,2026-05-21,5.8,1.82,3.5,5419,1.2,0,95.1,78.6,120.7,70.0,64.2,36.53,1880,56.1,56.7,1,0,1,0,1,0
U008,2026-05-22,5.93,1.51,2.0,6133,0.5,0,95.1,77.8,112.9,67.7,64.9,36.57,2239,68.0,61.1,1,1,0,0,0,0
U008,2026-05-23,6.6,1.52,2.1,6933,2.8,1,94.8,76.4,117.1,68.3,64.5,36.25,1843,69.5,75.7,0,1,0,0,0,0
U008,2026-05-24,6.71,1.41,2.9,1217,2.9,0,90.3,78.8,120.6,75.6,64.8,36.91,1655,79.2,73.5,1,1,0,0,0,0
U008,2026-05-25,7.31,1.74,1.8,2849,1.3,0,87.7,74.2,118.8,67.8,64.8,36.51,2158,89.9,89.4,0,1,0,0,0,0
U008,2026-05-26,6.01,1.06,1.1,4314,2.4,0,92.4,77.2,113.6,64.2,65.0,36.6,1818,79.4,58.6,0,1,0,0,1,0
U008,2026-05-27,5.75,0.99,5.3,8003,3.5,1,100.1,80.5,125.3,74.0,64.3,36.24,2098,64.7,44.2,1,1,1,0,1,1
U008,2026-05-28,6.15,2.01,4.0,5818,2.4,0,98.6,81.6,114.0,68.7,64.7,36.57,1693,65.0,63.1,1,0,1,0,0,0
U008,2026-05-29,8.16,1.63,3.8,6662,4.6,0,96.1,78.1,121.3,69.9,64.7,36.61,1714,79.9,83.3,0,1,0,0,0,0
U008,2026-05-30,7.6,2.28,3.7,9161,1.1,1,94.7,73.7,118.9,68.0,64.9,36.56,1614,76.7,94.8,0,0,0,0,0,0
U008,2026-05-31,8.31,2.31,3.5,6034,2.4,0,91.3,74.1,119.0,71.4,65.0,36.81,1940,72.5,90.2,0,0,0,0,0,0
U008,2026-06-01,7.82,1.46,4.8,7131,3.2,0,97.5,78.9,120.8,79.5,65.0,36.18,2159,71.7,76.9,0,1,0,0,0,0
U008,2026-06-02,7.07,1.93,6.2,5815,3.2,0,95.3,78.3,130.5,68.6,64.5,36.59,1835,73.0,70.4,0,1,0,0,0,1
U008,2026-06-03,6.82,1.91,5.4,5620,2.2,0,96.3,79.5,126.7,73.7,64.8,36.79,1826,64.7,71.5,1,1,1,0,0,1
U008,2026-06-04,6.75,1.76,3.5,5058,1.8,0,92.6,76.5,117.4,71.4,64.3,36.49,1742,69.3,79.3,0,1,0,0,0,0
U008,2026-06-05,7.38,1.96,5.8,4888,2.4,0,98.2,82.3,119.2,63.9,64.8,36.42,2064,73.8,82.1,0,1,0,0,0,0
U008,2026-06-06,8.44,2.16,5.4,10187,2.9,1,99.1,76.9,119.5,69.3,64.4,36.28,2090,70.9,82.6,0,0,0,0,0,0
U008,2026-06-07,8.18,2.38,7.8,9909,2.8,1,101.2,79.3,123.0,70.4,64.6,36.6,2040,76.1,85.8,0,0,0,1,0,0
U008,2026-06-08,8.75,2.7,3.7,10172,3.2,0,96.1,73.9,122.0,71.5,65.2,36.36,2125,84.5,84.0,0,0,0,0,0,0
U008,2026-06-09,7.2,2.58,4.4,9353,1.4,0,97.6,76.4,120.7,68.7,64.9,36.68,2100,69.8,81.2,0,0,0,0,0,0
U008,2026-06-10,6.76,1.8,7.3,5672,1.6,0,96.1,79.3,123.7,77.3,64.8,36.5,1833,69.9,63.8,1,1,0,0,0,1
U008,2026-06-11,6.22,1.69,6.1,6952,1.0,0,96.6,78.3,121.4,73.0,65.0,36.32,2070,65.4,46.6,1,1,0,0,1,0
U008,2026-06-12,6.81,2.99,5.5,8648,1.3,1,98.9,78.5,109.2,67.1,64.2,36.85,1953,71.4,70.6,0,0,0,0,0,0
U008,2026-06-13,6.57,2.88,5.7,6493,2.8,0,95.4,77.6,117.4,72.0,64.6,36.6,1927,60.0,69.4,0,0,1,0,0,0
U008,2026-06-14,7.38,3.48,4.7,8251,2.3,0,95.6,75.7,120.6,73.6,64.6,36.36,2170,69.7,85.2,0,0,0,0,0,0
U008,2026-06-15,6.41,3.45,4.4,8723,4.6,0,100.8,80.3,114.5,64.2,64.5,36.7,1801,68.6,68.2,1,0,0,0,0,0
U008,2026-06-16,6.68,2.96,4.1,10748,3.0,1,103.4,80.5,123.4,69.5,64.8,36.3,2084,76.6,86.2,0,0,0,0,0,0
U008,2026-06-17,7.41,2.7,3.5,8223,2.3,1,96.5,76.6,128.5,68.6,64.5,36.23,1876,80.7,95.4,0,0,0,0,0,1
U008,2026-06-18,5.43,2.4,5.7,5900,2.2,0,95.8,78.7,122.8,69.4,64.8,36.81,1885,53.6,47.2,1,0,1,0,1,0
U008,2026-06-19,7.93,1.55,6.1,5886,1.5,1,93.9,76.8,121.0,64.9,65.1,36.82,1726,79.0,74.9,0,1,0,0,0,0
U008,2026-06-20,7.31,1.74,6.1,8681,1.8,0,97.7,77.3,119.6,73.0,64.8,36.43,1956,78.0,76.1,0,1,0,0,0,0
U008,2026-06-21,5.4,2.33,7.0,4990,3.0,0,100.0,84.0,122.9,74.6,64.9,36.43,1814,48.1,41.6,1,0,1,1,1,0
U008,2026-06-22,6.18,1.96,6.0,2770,2.4,0,92.1,78.7,124.6,78.1,64.5,36.67,1681,61.5,61.6,1,0,1,0,0,1
U008,2026-06-23,6.54,2.14,4.6,5024,1.4,0,92.6,76.6,124.6,72.8,64.9,36.48,1688,71.1,77.3,0,0,0,0,0,1
U008,2026-06-24,6.65,2.42,3.9,5322,0.9,0,96.8,80.4,127.2,72.8,64.6,36.13,1785,78.1,75.3,1,0,0,0,0,1
U008,2026-06-25,7.66,1.89,4.2,6173,1.2,0,97.9,80.5,115.5,71.4,65.1,36.61,1933,91.4,85.4,0,0,0,0,0,0
U008,2026-06-26,8.06,1.75,2.9,8060,1.8,0,95.9,76.2,129.0,72.8,64.7,36.63,2146,95.2,88.3,0,1,0,0,0,1
U008,2026-06-27,7.9,1.45,2.8,6668,3.1,0,94.7,76.7,125.9,70.9,65.1,36.53,2114,78.3,85.0,0,1,0,0,0,1
U008,2026-06-28,7.93,1.34,2.7,3914,1.0,0,90.6,75.9,119.8,72.3,65.0,36.66,1804,82.7,85.9,0,1,0,0,0,0
U008,2026-06-29,7.47,1.09,6.5,8644,1.4,1,99.8,79.5,125.8,68.8,64.4,36.76,1776,80.4,69.8,0,1,0,0,0,1
U008,2026-06-30,8.84,1.09,2.1,6267,2.0,0,89.1,71.6,121.8,71.9,64.4,36.66,1813,89.6,81.0,0,1,0,0,0,0
U008,2026-07-01,6.8,2.02,2.7,4982,0.2,0,93.2,77.2,116.1,70.4,65.0,36.63,1909,84.5,77.3,0,0,0,0,0,0
U008,2026-07-02,7.01,1.65,5.8,7712,0.7,0,95.2,76.0,118.5,66.8,64.5,36.78,2089,81.1,63.4,0,1,0,0,0,0
U008,2026-07-03,7.06,1.84,5.8,6756,1.0,0,98.0,79.9,124.7,71.8,65.0,36.84,1964,75.3,69.9,0,1,0,0,0,1
U008,2026-07-04,7.75,1.7,6.6,6779,0.9,1,100.1,82.0,117.8,64.4,64.3,36.51,1846,84.3,73.2,0,0,0,0,0,0
U008,2026-07-05,6.71,2.29,6.3,7642,1.9,0,98.6,79.5,128.7,76.0,64.8,36.46,1917,60.2,72.5,0,0,1,0,0,1
U008,2026-07-06,5.29,2.7,4.9,9010,1.8,0,103.6,82.7,117.0,66.5,64.8,36.64,1686,56.9,43.6,1,0,1,0,1,0
U008,2026-07-07,6.11,2.77,1.8,7485,1.4,1,97.1,78.1,116.5,67.4,64.7,36.43,1910,74.4,72.4,0,0,0,0,0,0
U008,2026-07-08,6.71,2.58,3.0,9612,2.2,0,100.4,78.9,112.6,69.6,64.4,36.7,2292,71.8,79.7,0,0,0,0,0,0
U008,2026-07-09,8.14,2.26,2.5,4976,3.7,0,93.1,77.1,113.7,64.5,64.5,36.56,2122,78.1,94.0,0,0,0,0,0,0
U008,2026-07-10,6.57,1.68,2.1,7172,4.1,1,93.5,74.9,115.6,65.6,64.9,37.14,2005,76.2,73.1,0,1,0,0,0,0
U008,2026-07-11,7.76,2.58,2.3,5777,0.8,0,92.3,75.4,112.4,63.8,65.0,36.66,1833,93.2,97.1,0,0,0,0,0,0
U008,2026-07-12,9.0,2.05,5.6,8527,2.2,0,96.1,75.8,121.3,73.7,64.4,36.56,2123,76.4,85.5,0,1,0,0,0,0
U008,2026-07-13,8.19,2.29,8.8,7985,1.9,1,96.9,77.3,120.3,70.6,64.8,36.51,1906,86.4,72.7,0,0,0,1,0,0
U008,2026-07-14,6.58,2.6,8.0,6443,2.1,0,95.0,77.3,124.8,75.2,64.6,36.31,1850,65.0,68.1,1,0,0,0,0,1
U008,2026-07-15,6.39,2.14,6.4,7755,1.7,1,99.4,80.1,130.9,76.4,64.9,36.56,2057,61.4,56.0,1,0,1,0,1,1
U008,2026-07-16,6.65,2.5,4.3,8769,2.0,0,95.4,74.9,128.1,70.4,64.9,36.81,2206,77.8,72.6,0,0,0,0,0,1
U008,2026-07-17,7.28,2.6,5.2,8885,2.1,1,99.1,78.4,129.9,74.8,64.8,36.68,2130,84.4,84.3,0,0,0,0,0,1
U008,2026-07-18,6.65,3.05,7.7,6337,1.5,0,97.8,80.2,108.9,71.5,64.6,36.46,1965,65.5,60.6,0,0,0,0,0,0
U008,2026-07-19,8.16,2.44,6.5,5914,1.0,0,99.5,82.4,125.5,76.2,65.0,36.82,1876,77.7,82.9,0,0,0,0,0,1
U008,2026-07-20,6.71,1.75,2.7,6450,1.3,0,92.3,74.6,115.5,64.7,64.9,36.36,1852,78.8,76.1,0,1,0,0,0,0
U008,2026-07-21,5.3,1.65,4.3,6661,2.0,0,98.8,80.8,128.0,72.9,65.2,36.69,2254,61.5,50.0,1,1,1,0,1,1
U008,2026-07-22,6.95,1.87,5.9,7999,2.6,0,97.1,77.5,133.6,78.2,64.7,36.17,1933,80.0,69.8,1,1,0,0,0,1
U008,2026-07-23,4.97,1.95,3.4,4358,3.0,0,93.4,78.2,119.4,79.2,64.8,36.66,1594,64.7,38.2,1,1,1,0,1,0
U008,2026-07-24,5.6,1.81,4.1,6200,1.8,0,94.8,77.4,120.4,71.1,65.3,36.46,1908,58.0,48.8,1,1,1,0,1,0
U008,2026-07-25,8.9,1.12,5.0,6148,2.2,0,94.0,76.6,124.2,70.0,65.2,36.77,1767,92.2,67.2,1,1,0,0,0,1
U008,2026-07-26,8.13,1.66,4.9,5267,3.0,0,94.8,78.5,131.7,72.5,64.2,36.52,1798,91.9,83.2,0,1,0,0,0,1
U008,2026-07-27,6.69,2.59,3.8,4976,3.4,0,91.5,75.6,125.3,72.1,64.8,36.59,1653,67.9,74.3,0,0,0,0,0,1
U008,2026-07-28,6.77,2.54,5.6,5653,2.4,0,95.0,78.2,125.2,74.4,65.2,36.63,1813,69.6,75.8,0,0,0,0,0,1
U008,2026-07-29,6.81,2.57,4.9,1000,1.9,0,92.5,81.3,119.3,77.1,65.6,36.66,1715,70.7,69.9,0,0,0,0,0,0
U008,2026-07-30,7.03,2.57,2.8,2763,2.2,0,89.0,75.6,115.6,72.1,64.9,36.61,1919,69.8,78.7,0,0,0,0,0,0
U008,2026-07-31,7.6,2.5,1.0,3516,0.9,0,85.8,71.6,117.9,69.3,64.4,36.48,1778,96.7,93.2,0,0,0,0,0,0
U008,2026-08-01,6.45,2.67,3.7,6088,1.5,0,93.8,76.5,116.9,63.9,64.5,36.92,2184,70.8,77.3,1,0,0,0,0,0
U008,2026-08-02,8.15,2.56,4.9,5288,2.6,0,94.0,77.6,134.7,74.2,64.5,36.42,2009,72.5,83.1,0,0,0,0,0,1
U008,2026-08-03,7.91,2.21,5.1,5809,2.8,0,96.4,79.4,119.9,65.0,65.4,36.59,1859,72.4,94.7,0,0,0,0,0,0
U008,2026-08-04,8.18,1.81,4.4,8808,2.0,0,96.4,75.8,118.8,65.8,64.6,36.95,1942,73.3,75.5,0,0,0,0,0,0
U008,2026-08-05,7.16,1.79,3.8,9454,2.2,1,95.3,73.9,126.2,77.3,64.7,36.24,1938,73.8,78.2,0,1,0,0,0,1
U008,2026-08-06,8.23,2.0,2.7,9633,1.3,1,98.8,77.3,116.0,68.2,64.8,36.65,1924,81.4,87.6,0,0,0,0,0,0
U008,2026-08-07,7.51,1.87,2.7,7537,2.5,0,94.2,75.1,118.8,68.7,65.1,36.56,2241,86.6,91.6,1,1,0,0,0,0
U008,2026-08-08,7.55,2.05,1.0,8115,2.1,0,97.4,77.7,113.5,70.4,64.8,37.1,1910,85.2,95.8,0,1,0,0,0,0
U008,2026-08-09,6.51,2.2,1.0,7193,1.8,0,91.5,72.9,108.5,70.8,64.9,36.58,1989,78.1,81.3,0,0,0,0,0,0
U008,2026-08-10,5.83,2.46,1.6,6790,1.6,0,96.3,78.2,113.9,64.0,64.8,36.44,1709,61.0,82.5,1,0,1,0,0,0
U008,2026-08-11,6.9,2.79,3.5,7534,1.8,1,95.1,76.0,125.4,75.3,64.9,36.68,1977,72.0,78.8,1,0,0,0,0,1
U008,2026-08-12,6.55,2.5,3.9,6336,1.5,0,94.3,76.7,116.1,65.8,65.0,36.23,1845,64.4,72.7,1,0,1,0,0,0
U008,2026-08-13,5.98,1.78,5.3,8995,2.5,1,103.8,83.0,124.9,66.9,64.6,36.6,1920,66.6,51.9,1,1,0,0,1,1
U008,2026-08-14,5.82,1.73,7.2,7748,1.8,1,100.0,80.7,117.6,71.3,65.0,36.67,2123,59.6,39.2,1,1,1,0,1,0
U008,2026-08-15,6.91,1.86,8.0,8338,3.4,0,99.5,79.5,132.1,75.6,64.6,36.59,1861,68.8,66.9,1,1,0,0,0,1
U008,2026-08-16,6.39,1.18,7.8,9938,3.8,1,100.5,78.6,116.6,64.8,64.3,36.6,2331,71.5,46.5,1,1,0,1,1,0
U008,2026-08-17,6.53,2.06,7.0,10077,1.7,1,105.2,83.1,124.4,68.9,64.7,36.91,1907,61.2,58.9,1,1,1,0,1,1
U008,2026-08-18,6.73,2.09,5.0,6342,2.0,1,96.1,78.5,123.3,69.4,64.7,36.48,1886,68.7,68.7,1,1,0,0,0,0
U008,2026-08-19,5.15,2.21,6.0,7364,1.4,1,99.0,80.2,120.9,72.3,65.0,36.25,2168,51.9,43.0,1,0,1,0,1,0
U008,2026-08-20,4.6,2.67,8.1,8508,1.5,1,103.9,83.7,127.2,75.6,64.6,36.72,1628,39.7,24.3,1,0,1,1,1,1
U008,2026-08-21,5.85,2.15,7.7,9144,3.8,1,101.6,80.6,132.9,75.1,64.6,36.51,1662,48.9,47.4,0,0,1,1,1,1
U008,2026-08-22,5.66,2.32,9.6,6336,2.2,0,97.3,79.6,133.1,77.5,64.7,36.71,1974,43.4,39.6,1,0,1,0,1,1
U008,2026-08-23,7.13,2.15,6.1,5644,2.4,0,97.1,80.3,115.2,69.1,65.1,36.67,1631,72.3,76.2,0,0,0,0,0,0
U008,2026-08-24,7.93,2.02,4.1,7872,2.6,1,97.2,77.7,118.5,68.9,64.7,36.57,2058,77.0,89.7,0,0,0,0,0,0
U008,2026-08-25,8.19,1.7,5.6,6248,1.2,1,93.9,76.4,118.2,70.9,64.9,36.28,1866,72.2,80.9,0,1,0,0,0,0
U008,2026-08-26,9.0,2.49,5.8,6157,1.0,0,92.9,75.5,120.3,63.9,64.5,36.64,1826,72.2,90.2,0,0,0,0,0,0
U008,2026-08-27,8.32,2.14,7.4,9035,0.5,0,102.8,82.0,120.8,71.2,64.9,36.9,2028,70.9,77.5,0,0,0,0,0,0
U008,2026-08-28,8.36,2.36,6.7,7943,0.7,0,100.3,80.7,124.3,75.6,64.8,36.78,1873,76.5,80.8,0,0,0,0,0,1
U008,2026-08-29,7.3,1.47,4.9,6338,0.0,0,96.9,79.3,122.9,73.8,64.4,36.69,1698,83.8,79.6,0,1,0,0,0,0
U008,2026-08-30,9.0,2.15,4.6,5301,1.6,0,92.6,76.2,120.1,68.5,65.5,36.58,1663,83.1,87.3,0,0,0,0,0,0
U008,2026-08-31,9.0,2.51,2.6,6669,3.8,0,91.8,73.8,126.4,71.9,64.9,37.08,1641,74.0,97.2,0,0,0,0,0,1
U008,2026-09-01,8.9,2.35,1.7,4756,2.7,0,89.3,73.6,116.6,76.2,64.6,36.9,1777,97.0,100.0,0,0,0,0,0,0
U008,2026-09-02,8.48,2.12,4.1,5492,0.9,0,93.1,76.5,122.1,66.5,64.9,36.64,1814,85.3,82.6,0,0,0,0,0,0
U008,2026-09-03,9.0,2.23,5.6,6765,1.0,0,96.6,78.5,115.9,71.2,64.8,36.37,2042,80.6,82.4,0,0,0,0,0,0
U008,2026-09-04,8.12,3.05,5.9,8908,1.3,0,97.7,77.0,122.5,69.8,65.2,36.63,2342,88.3,81.0,1,0,0,0,0,0
U008,2026-09-05,7.09,1.93,3.2,8994,0.8,1,97.0,76.2,118.2,75.7,65.0,36.71,2307,73.4,73.5,0,1,0,0,0,0
U008,2026-09-06,7.83,2.27,3.2,6884,2.5,0,96.5,78.3,121.3,75.3,64.8,36.17,1877,86.8,89.0,0,0,0,0,0,0
U008,2026-09-07,7.56,1.8,2.0,8779,2.9,1,96.0,75.5,121.3,76.1,65.0,36.88,1763,86.3,86.0,0,1,0,0,0,0
U008,2026-09-08,7.5,1.87,4.6,7422,1.2,0,97.1,78.2,125.7,75.9,64.0,36.54,2054,70.8,79.9,0,1,0,0,0,1
U008,2026-09-09,6.57,1.82,3.9,5285,2.4,1,94.6,78.2,120.9,70.0,64.8,36.82,1782,65.8,69.8,0,1,0,0,0,0
U008,2026-09-10,5.23,1.72,2.7,5874,3.6,0,93.2,76.1,122.8,72.2,64.5,36.82,1699,60.4,43.1,1,1,1,0,1,0
U008,2026-09-11,6.14,1.83,3.4,8679,4.3,1,103.1,82.7,119.3,75.6,65.0,36.82,1917,63.5,71.9,1,1,1,0,0,0
U008,2026-09-12,7.28,1.44,3.0,8097,5.0,0,96.2,76.5,129.2,72.1,64.7,36.63,1949,80.0,79.4,0,1,0,0,0,1
U008,2026-09-13,6.97,2.08,5.7,7568,2.2,0,100.8,81.7,127.2,74.3,64.9,36.54,1790,68.8,70.2,1,0,0,0,0,1
U008,2026-09-14,8.25,1.33,4.4,9836,4.7,0,97.2,75.4,121.5,69.2,64.7,36.78,1852,84.8,79.3,0,1,0,0,0,0
U008,2026-09-15,7.13,1.81,2.6,6186,2.5,0,96.1,78.6,118.6,70.0,64.5,36.29,1742,76.6,76.6,0,1,0,0,0,0
U008,2026-09-16,6.15,1.76,1.0,4589,1.6,0,91.4,75.9,113.6,67.9,65.0,36.51,1936,81.1,76.3,1,0,0,0,0,0
U008,2026-09-17,6.43,1.39,1.6,3275,2.2,0,91.0,77.0,124.9,75.7,65.2,36.75,1696,82.0,67.4,0,1,0,0,0,1
U008,2026-09-18,6.59,1.71,1.8,5718,1.5,0,96.0,79.1,113.0,62.5,65.0,36.72,1940,84.4,68.4,0,1,0,0,0,0
U008,2026-09-19,7.43,1.2,1.0,6618,2.2,1,91.2,73.3,117.7,65.3,64.8,36.49,2069,97.2,79.1,0,1,0,0,0,0
